"","forecast_date","avg_temp","min_temp","max_temp"
"1","2014-10-01",13.1,7.2,15.4
"2","2014-10-02",11.7,6.8,14
"3","2014-10-03",10.6,6.4,13.2
"4","2014-10-04",9.5,6.1,11.3
"5","2014-10-05",9.2,8,11
"6","2014-10-06",9.9,8,12
"7","2014-10-07",12.4,10.8,14.6
"8","2014-10-08",14.2,12.2,15.3
"9","2014-10-09",16.3,15.2,17.4
"10","2014-10-10",15.3,14.3,16.4
"11","2014-10-11",15.8,13.7,17.5
"12","2014-10-12",13.6,12.5,15.3
"13","2014-10-13",15,13,16.9
"14","2014-10-14",13.7,12.1,16.7
"15","2014-10-15",11.8,10.8,13.5
"16","2014-10-16",11.6,9.5,13.5
"17","2014-10-17",11.7,9.2,13.3
"18","2014-10-18",9.8,1.1,14
"19","2014-10-19",14.1,11.2,16.3
"20","2014-10-20",13.1,12.6,14.3
"21","2014-10-21",11,8.8,13
"22","2014-10-22",8.4,5.2,10.9
"23","2014-10-23",4.5,-0.8,8.4
"24","2014-10-24",2.1,-2.4,6.3
"25","2014-10-25",2.5,-0.4,5.2
"26","2014-10-26",4.9,-0.4,11.4
"27","2014-10-27",4.7,-1.4,10.6
"28","2014-10-28",4.2,1.6,7.6
"29","2014-10-29",3.6,1.2,7
"30","2014-10-30",5.5,4.2,7.2
"31","2014-10-31",5.9,3.9,9.3
"32","2014-11-01",7.4,2,11.5
"33","2014-11-02",8.1,3.8,11.3
"34","2014-11-03",8.3,5.5,12.6
"35","2014-11-04",9.6,7.2,13.1
"36","2014-11-05",11.2,8.1,14.8
"37","2014-11-06",11,8.2,15.7
"38","2014-11-07",9.3,5.1,15.5
"39","2014-11-08",7.4,3.9,12.5
"40","2014-11-09",8.7,5,10.9
"41","2014-11-10",10.2,8.8,12.5
"42","2014-11-11",9.6,7,12.8
"43","2014-11-12",8.6,3.8,12.3
"44","2014-11-13",8.2,6.2,10.1
"45","2014-11-14",7.6,4.8,8.9
"46","2014-11-15",6.3,2.6,10.3
"47","2014-11-16",6,3.4,8.6
"48","2014-11-17",5.7,3.5,7.6
"49","2014-11-18",3.5,-0.2,6.5
"50","2014-11-19",2.7,-0.4,6.2
"51","2014-11-20",2.3,-0.4,4.7
"52","2014-11-21",2.8,-0.1,5.1
"53","2014-11-22",3.2,0.4,5.3
"54","2014-11-23",2.7,0.8,5.4
"55","2014-11-24",2.6,-0.5,5.5
"56","2014-11-25",3.5,-0.4,5.5
"57","2014-11-26",2.4,-2,4.2
"58","2014-11-27",-0.1,-4.5,2.5
"59","2014-11-28",-2.4,-6.4,0.3
"60","2014-11-29",-4.4,-10.2,-1.9
"61","2014-11-30",-4.4,-6.8,-2
"62","2014-12-01",-3.8,-6,-2.2
"63","2014-12-02",-3.2,-7.4,-1
"64","2014-12-03",-1,-4,2
"65","2014-12-04",-0.3,-2.6,3.2
"66","2014-12-05",-0.7,-2.1,2.5
"67","2014-12-06",1.2,-1.4,4
"68","2014-12-07",1.2,-0.8,3
"69","2014-12-08",1.1,-0.2,3.4
"70","2014-12-09",-0.9,-2.8,1.2
"71","2014-12-10",-1,-4.6,1.8
"72","2014-12-11",2,-1.1,4.1
"73","2014-12-12",5.5,2.8,8.4
"74","2014-12-13",4.8,3.9,7.4
"75","2014-12-14",3.4,1.1,6.7
"76","2014-12-15",5.2,3.6,8.2
"77","2014-12-16",4.9,4.2,7.8
"78","2014-12-17",2.4,1.8,4.5
"79","2014-12-18",6.7,3.1,9.9
"80","2014-12-19",8.8,7.2,10.8
"81","2014-12-20",4.3,4,5.8
"82","2014-12-21",4.2,3,6.1
"83","2014-12-22",7.9,6.1,10.8
"84","2014-12-23",8.9,6.1,11.9
"85","2014-12-24",6.7,5.6,7.9
"86","2014-12-25",2.3,-0.4,4.9
"87","2014-12-26",-4.3,-9.7,-1.5
"88","2014-12-27",-6.9,-9,-4.6
"89","2014-12-28",-6.3,-7.8,-1.9
"90","2014-12-29",-6.3,-8.3,-3.3
"91","2014-12-30",-7.3,-11.2,-1.3
"92","2014-12-31",-1.4,-6.5,3.4
"93","2015-01-01",1.3,-1.1,3.4
"94","2015-01-02",3.7,-0.4,5.7
"95","2015-01-03",2.7,2,4.3
"96","2015-01-04",1.4,0.8,3
"97","2015-01-05",-0.4,-2.1,2
"98","2015-01-06",-6.6,-13.3,-1.1
"99","2015-01-07",-4.4,-10.4,1.2
"100","2015-01-08",0.6,-4.9,3.9
"101","2015-01-09",4,1.5,6.2
"102","2015-01-10",6.3,3.8,9.1
"103","2015-01-11",2.8,2.2,3.7
"104","2015-01-12",4.5,3,6.2
"105","2015-01-13",7.2,3.6,9.3
"106","2015-01-14",4.7,3,6.9
"107","2015-01-15",3.3,0.4,6
"108","2015-01-16",5.2,3.4,6.8
"109","2015-01-17",3.3,2.2,6.1
"110","2015-01-18",0.5,-1.8,2.2
"111","2015-01-19",0.4,-2.2,2.1
"112","2015-01-20",0.8,-1,2.1
"113","2015-01-21",0.9,-1,3.2
"114","2015-01-22",0.6,-1.8,3.8
"115","2015-01-23",0.2,-1.4,1.6
"116","2015-01-24",-0.9,-2.4,2.2
"117","2015-01-25",-0.5,-1.5,1.4
"118","2015-01-26",-0.7,-2.1,2
"119","2015-01-27",0.6,-1,2.9
"120","2015-01-28",1.1,0.2,3.1
"121","2015-01-29",0.4,-0.8,2.5
"122","2015-01-30",1,0.4,3.7
"123","2015-01-31",-0.4,-1.2,1.4
"124","2015-02-01",-0.8,-2.8,0.8
"125","2015-02-02",-0.9,-2.2,1
"126","2015-02-03",-1.6,-3.4,0.2
"127","2015-02-04",-2.2,-3.6,-0.7
"128","2015-02-05",-2.8,-3.8,-1.6
"129","2015-02-06",-3.4,-4.8,-1
"130","2015-02-07",-0.8,-2.2,2.6
"131","2015-02-08",-1.8,-3.1,1.3
"132","2015-02-09",0.9,-2.1,3.6
"133","2015-02-10",2.2,0.4,4.5
"134","2015-02-11",1.9,0.2,4
"135","2015-02-12",0.7,0.4,1.8
"136","2015-02-13",-0.1,-1.2,1.3
"137","2015-02-14",0.4,-0.8,2.4
"138","2015-02-15",0.5,-2.2,3.4
"139","2015-02-16",-2,-4.8,-0.3
"140","2015-02-17",-1.4,-4.4,1.7
"141","2015-02-18",0.7,-0.4,3
"142","2015-02-19",1.9,0.8,4.4
"143","2015-02-20",2.4,0.8,4.3
"144","2015-02-21",3.3,1.3,5.6
"145","2015-02-22",2.9,1.8,5.7
"146","2015-02-23",4.8,3.4,7
"147","2015-02-24",4.3,2.9,7.4
"148","2015-02-25",3.6,1.6,5.7
"149","2015-02-26",3.8,1.3,5.8
"150","2015-02-27",4.5,2.9,6.5
"151","2015-02-28",3.2,1.5,6
"152","2015-03-01",4.6,3.1,6.4
"153","2015-03-02",3.8,3,5.4
"154","2015-03-03",2.4,0.8,4.9
"155","2015-03-04",1.9,0.4,4.2
"156","2015-03-05",1.2,0.4,2.8
"157","2015-03-06",1.8,-1.4,5.2
"158","2015-03-07",5.3,1.3,8.9
"159","2015-03-08",8.2,4.9,12.1
"160","2015-03-09",5.6,4.4,7.8
"161","2015-03-10",5.9,3.9,8.6
"162","2015-03-11",3.9,3,5.9
"163","2015-03-12",4,2.8,5.4
"164","2015-03-13",2.9,2.1,4.2
"165","2015-03-14",3.9,2.8,6
"166","2015-03-15",5.8,4.8,7.5
"167","2015-03-16",6.7,5,8.1
"168","2015-03-17",7.1,4.8,9.6
"169","2015-03-18",4.4,2.5,6
"170","2015-03-19",3.2,1.5,5.9
"171","2015-03-20",4.9,3.4,6.7
"172","2015-03-21",5.5,2.8,8.4
"173","2015-03-22",-0.6,-3.5,1.7
"174","2015-03-23",2.9,1,4.9
"175","2015-03-24",7.6,5.2,10.2
"176","2015-03-25",10.6,5.7,12.2
"177","2015-03-26",10.3,7.7,12.8
"178","2015-03-27",7.5,5.7,12.3
"179","2015-03-28",5,3.6,7
"180","2015-03-29",7.7,6.2,9
"181","2015-03-30",6,5,7.2
"182","2015-03-31",4.5,3.9,6.6
"183","2015-04-01",3.2,2.5,4.3
"184","2015-04-02",1.8,0.8,4.4
"185","2015-04-03",2.6,2,4.4
"186","2015-04-04",2.5,2,4.3
"187","2015-04-05",2.6,1.8,5
"188","2015-04-06",2.6,1.4,4.4
"189","2015-04-07",5.9,5.2,7.4
"190","2015-04-08",6.5,6,7.9
"191","2015-04-09",7.2,6.6,9.3
"192","2015-04-10",10.4,8.7,13.3
"193","2015-04-11",14,11.5,15.6
"194","2015-04-12",9.7,8.3,10.9
"195","2015-04-13",7.7,6.2,9.3
"196","2015-04-14",8.2,6.2,10.1
"197","2015-04-15",13.5,10.1,15.8
"198","2015-04-16",9.8,7.9,13.6
"199","2015-04-17",7,5.2,9.7
"200","2015-04-18",4.5,3.2,6.1
"201","2015-04-19",6.8,4.9,8.7
"202","2015-04-20",8.2,6.7,10.8
"203","2015-04-21",9.2,5.2,12.5
"204","2015-04-22",8.4,6.6,9.8
"205","2015-04-23",12.2,11,13.1
"206","2015-04-24",12.7,9.5,15.1
"207","2015-04-25",16.1,14.2,17.4
"208","2015-04-26",13.5,11.8,16.2
"209","2015-04-27",15.8,9.8,17.9
"210","2015-04-28",9.9,5.1,16.9
"211","2015-04-29",6.9,5.9,9.3
"212","2015-04-30",10.1,7.8,11.4
"213","2015-05-01",8.8,7.7,11.6
"214","2015-05-02",8.7,7.8,9.8
"215","2015-05-03",11.9,8.3,13.7
"216","2015-05-04",13.8,10.8,17
"217","2015-05-05",18.6,16.8,20.5
"218","2015-05-06",14.4,12.6,16.7
"219","2015-05-07",12.6,11.5,14.2
"220","2015-05-08",12.4,10.2,14
"221","2015-05-09",14.5,11.6,15.6
"222","2015-05-10",11.3,9.5,13.2
"223","2015-05-11",11.3,9.2,13.9
"224","2015-05-12",16.4,14.3,18.3
"225","2015-05-13",12.1,10.8,13.7
"226","2015-05-14",9.6,8.6,11.3
"227","2015-05-15",9.9,7.6,12.3
"228","2015-05-16",12.8,10.6,14.9
"229","2015-05-17",10.4,9,11.7
"230","2015-05-18",13.1,8.8,15.3
"231","2015-05-19",16.7,13.8,19.1
"232","2015-05-20",13.6,10.6,18.7
"233","2015-05-21",11.7,11.2,13.2
"234","2015-05-22",12.6,10.1,14.7
"235","2015-05-23",12.8,11.6,15.4
"236","2015-05-24",12.9,11,14.8
"237","2015-05-25",15.2,14.2,17.4
"238","2015-05-26",12.9,11.8,14.7
"239","2015-05-27",10.3,8.5,11.6
"240","2015-05-28",11.9,9.3,15
"241","2015-05-29",14.6,12.8,16.8
"242","2015-05-30",14.3,10.8,17.1
"243","2015-05-31",14.4,12.3,15.8
"244","2015-06-01",17.3,12.8,20.6
"245","2015-06-02",19.8,17.6,21.7
"246","2015-06-03",20.9,16.1,23.8
"247","2015-06-04",15,12.2,16.8
"248","2015-06-05",17.7,13.2,20.5
"249","2015-06-06",21.6,18,24.5
"250","2015-06-07",17.7,12.6,23.6
"251","2015-06-08",15.7,13.1,18.7
"252","2015-06-09",13.6,10.8,18.4
"253","2015-06-10",15.4,12.5,18.8
"254","2015-06-11",17.2,14.2,19
"255","2015-06-12",19.8,17.8,23.2
"256","2015-06-13",22.1,18.5,25.4
"257","2015-06-14",20.2,16.4,23.3
"258","2015-06-15",15.2,13.2,18.3
"259","2015-06-16",13.5,12.2,15.2
"260","2015-06-17",14.4,12.8,16.7
"261","2015-06-18",14.8,13.5,16.9
"262","2015-06-19",12.4,11.6,13.8
"263","2015-06-20",13,12,14.5
"264","2015-06-21",12.8,11.7,14.9
"265","2015-06-22",15.1,13.2,17.7
"266","2015-06-23",12.7,11.1,14.9
"267","2015-06-24",13.6,12,15.9
"268","2015-06-25",15.3,14.7,16.7
"269","2015-06-26",17.1,14.2,19.6
"270","2015-06-27",17.3,14.5,18.7
"271","2015-06-28",16.6,14.8,20.5
"272","2015-06-29",16.8,15.6,18.5
"273","2015-06-30",18.3,16.8,20.3
"274","2015-07-01",19.2,16.9,20.7
"275","2015-07-02",20.2,18,22.5
"276","2015-07-03",22.4,20.2,24.5
"277","2015-07-04",24.7,22.3,27.8
"278","2015-07-05",25.9,23.9,28.8
"279","2015-07-06",22.1,19.3,26.3
"280","2015-07-07",23.5,19.9,25.7
"281","2015-07-08",19.5,18,22.2
"282","2015-07-09",15.4,14.2,17.2
"283","2015-07-10",13.2,12.6,14.4
"284","2015-07-11",15.6,14.2,17.6
"285","2015-07-12",18.5,16.9,20
"286","2015-07-13",16.5,16,17.5
"287","2015-07-14",17,15.1,19.1
"288","2015-07-15",17.2,16,18.4
"289","2015-07-16",19.1,15.7,21.7
"290","2015-07-17",22.1,16.6,25.3
"291","2015-07-18",23.4,19,26.4
"292","2015-07-19",21.4,15.7,24.8
"293","2015-07-20",18,15.3,20.5
"294","2015-07-21",21.1,17.8,24.1
"295","2015-07-22",23.9,19.8,27.3
"296","2015-07-23",21.2,18,25.4
"297","2015-07-24",21.4,18.2,24.1
"298","2015-07-25",21.8,20.2,24.6
"299","2015-07-26",15.5,14.7,17.1
"300","2015-07-27",16.9,16.1,17.9
"301","2015-07-28",17.4,16.1,19.9
"302","2015-07-29",16.6,15.1,18.5
"303","2015-07-30",15.6,14.3,17.8
"304","2015-07-31",14.2,12.8,15.9
"305","2015-08-01",17.2,13.1,20.4
"306","2015-08-02",20.7,18.2,22.8
"307","2015-08-03",22.7,18.9,25.3
"308","2015-08-04",25,22.8,27.3
"309","2015-08-05",22.6,19.8,26.6
"310","2015-08-06",24.6,20,27.1
"311","2015-08-07",27,24.8,29.7
"312","2015-08-08",27.1,22.8,29.7
"313","2015-08-09",24,18,27.4
"314","2015-08-10",24.3,19.4,27.5
"315","2015-08-11",25.6,22.6,27.3
"316","2015-08-12",24.8,20.6,28.3
"317","2015-08-13",23.1,20.2,25.4
"318","2015-08-14",24.3,20.4,27.2
"319","2015-08-15",23.9,20,25.6
"320","2015-08-16",22.4,20.1,24.8
"321","2015-08-17",21.5,19,24.2
"322","2015-08-18",19.9,16.9,22.4
"323","2015-08-19",18.1,14.7,20.1
"324","2015-08-20",17.6,14.8,19.3
"325","2015-08-21",18.1,16,20
"326","2015-08-22",17.8,16.2,19.6
"327","2015-08-23",19.4,18.1,21
"328","2015-08-24",21.5,20.1,23.2
"329","2015-08-25",17.3,15.5,20.4
"330","2015-08-26",18.5,16.2,21.2
"331","2015-08-27",22,19.3,24.5
"332","2015-08-28",20.1,15.8,25.4
"333","2015-08-29",NA,NA,NA
"334","2015-08-30",22.6,18.2,25.7
"335","2015-08-31",25.5,21,28.9
"336","2015-09-01",24.9,22,27
"337","2015-09-02",16.1,14.6,19.4
"338","2015-09-03",16.4,13.1,18.7
"339","2015-09-04",14,11.1,15.7
"340","2015-09-05",14.5,13.2,16.3
"341","2015-09-06",12.3,11.2,14
"342","2015-09-07",12.2,11.8,14
"343","2015-09-08",11.8,10.8,13.6
"344","2015-09-09",12,10.6,14.3
"345","2015-09-10",13.9,12.2,15.1
"346","2015-09-11",15.2,13.7,16.9
"347","2015-09-12",14.7,13.1,16.3
"348","2015-09-13",16.1,13.3,19.6
"349","2015-09-14",18,15.8,19.9
"350","2015-09-15",17.5,14,21.8
"351","2015-09-16",19.9,17.5,24
"352","2015-09-17",22.2,19.2,25.8
"353","2015-09-18",16.1,13.8,21.1
"354","2015-09-19",15.6,13.7,17.2
"355","2015-09-20",12.5,11.8,13.9
"356","2015-09-21",10.7,9.2,12.6
"357","2015-09-22",13.4,11.8,15.2
"358","2015-09-23",15.1,13.5,18.3
"359","2015-09-24",15.3,13.8,19.5
"360","2015-09-25",14.5,12.3,15.9
"361","2015-09-26",12,11.2,13.4
"362","2015-09-27",10.6,9.2,12.9
"363","2015-09-28",10.8,10,13.9
"364","2015-09-29",11,10,12.5
"365","2015-09-30",8.4,7.1,10.8
"366","2015-10-01",8.6,6.6,12.2
"367","2015-10-02",9.8,7.9,13.1
"368","2015-10-03",12.7,8.1,15.4
"369","2015-10-04",14.8,12.8,17.2
"370","2015-10-05",13,11.8,14.3
"371","2015-10-06",12.4,8.6,14.6
"372","2015-10-07",8,2.2,12.2
"373","2015-10-08",6.3,1.5,9.3
"374","2015-10-09",4.7,-1.1,8.7
"375","2015-10-10",3.7,0.4,6.7
"376","2015-10-11",3.3,1.1,5
"377","2015-10-12",2.6,0.8,5.3
"378","2015-10-13",4.3,2.5,6.4
"379","2015-10-14",6.5,5.6,7.7
"380","2015-10-15",7.5,6.1,8.9
"381","2015-10-16",9.8,8.2,12.2
"382","2015-10-17",9.4,7.7,10.5
"383","2015-10-18",7.9,6.6,8.9
"384","2015-10-19",7.9,6.2,9.8
"385","2015-10-20",7.5,6.5,9.7
"386","2015-10-21",7.7,5.5,9.2
"387","2015-10-22",8.5,5.9,10.4
"388","2015-10-23",9.8,9.5,11
"389","2015-10-24",7.8,6.4,9.4
"390","2015-10-25",8.3,7.2,10
"391","2015-10-26",5.2,4.2,7.4
"392","2015-10-27",4.8,2,7.4
"393","2015-10-28",6.2,3.4,8.2
"394","2015-10-29",6.2,1.2,9.7
"395","2015-10-30",6.5,1.6,9.1
"396","2015-10-31",5.1,3.4,9.1
"397","2015-11-01",7,4.2,10.2
"398","2015-11-02",5.5,3.4,9.2
"399","2015-11-03",4,2.5,6.3
"400","2015-11-04",3.3,1.4,7.2
"401","2015-11-05",3,-0.2,5.3
"402","2015-11-06",4.6,0.8,9.3
"403","2015-11-07",10.2,2.8,14.7
"404","2015-11-08",10.2,9.8,11.3
"405","2015-11-09",10.7,8.1,13.2
"406","2015-11-10",13.1,11.6,15.1
"407","2015-11-11",13.1,12,13.9
"408","2015-11-12",9.6,8.8,10.8
"409","2015-11-13",8.6,7,10.7
"410","2015-11-14",6.7,6.2,7.6
"411","2015-11-15",6.4,4.8,9.2
"412","2015-11-16",7.3,4.9,10
"413","2015-11-17",10.2,8.8,12.2
"414","2015-11-18",10,9.5,11.4
"415","2015-11-19",9.7,8.2,10.7
"416","2015-11-20",6.2,5.7,7.3
"417","2015-11-21",3.4,2.6,4.4
"418","2015-11-22",1.2,-0.5,2.7
"419","2015-11-23",0,-1,1.5
"420","2015-11-24",-1.1,-2.6,2
"421","2015-11-25",-0.3,-2.1,2.7
"422","2015-11-26",0.4,-4.4,4.2
"423","2015-11-27",0,-5,2.9
"424","2015-11-28",0.4,-0.8,1.7
"425","2015-11-29",4.2,2.1,6
"426","2015-11-30",4.6,3.6,6.8
"427","2015-12-01",4,2,5.7
"428","2015-12-02",5.6,2.2,8.4
"429","2015-12-03",5.9,3.9,8.3
"430","2015-12-04",6,4.9,7.4
"431","2015-12-05",6.6,5.2,7.8
"432","2015-12-06",7.6,4.5,9.5
"433","2015-12-07",6.5,3.6,9.2
"434","2015-12-08",5,1.4,8.5
"435","2015-12-09",4.5,1.4,5.7
"436","2015-12-10",2.2,1.8,4
"437","2015-12-11",2.9,2.1,4.4
"438","2015-12-12",4,3,5.4
"439","2015-12-13",3.9,1.8,5.9
"440","2015-12-14",0.4,-0.2,1.7
"441","2015-12-15",1.1,-3.8,4.4
"442","2015-12-16",1.6,-1.6,4.8
"443","2015-12-17",5.8,2,10.3
"444","2015-12-18",8.4,3.5,10.2
"445","2015-12-19",7.4,4.4,9.5
"446","2015-12-20",5.8,0.8,10
"447","2015-12-21",6.2,4.2,9.3
"448","2015-12-22",9.3,6.7,11
"449","2015-12-23",9,6.7,10.7
"450","2015-12-24",4.7,2.8,8.4
"451","2015-12-25",6.7,3.8,9.6
"452","2015-12-26",10,5.4,13.3
"453","2015-12-27",8,4.5,10.2
"454","2015-12-28",4.6,0.6,6.9
"455","2015-12-29",-1.4,-3.8,2.5
"456","2015-12-30",-5,-8.5,-1.8
"457","2015-12-31",-5.5,-10.3,-0.9
"458","2016-01-01",-6.8,-10.2,-0.3
"459","2016-01-02",-11.2,-14.8,-8.8
"460","2016-01-03",-13.8,-17.2,-11.1
"461","2016-01-04",-11.8,-14.7,-7.3
"462","2016-01-05",-10.1,-12.4,-4.3
"463","2016-01-06",-6.5,-10.7,-2.3
"464","2016-01-07",-5.3,-9.8,-1.6
"465","2016-01-08",-0.8,-5.8,2.5
"466","2016-01-09",-0.4,-1.4,1.1
"467","2016-01-10",0,-1,0.8
"468","2016-01-11",1.6,-0.2,4.7
"469","2016-01-12",1.2,-1.8,3.4
"470","2016-01-13",0.9,-1.4,3.1
"471","2016-01-14",-0.6,-2.1,0.8
"472","2016-01-15",-0.6,-1.8,0.8
"473","2016-01-16",-3.6,-10.2,-1
"474","2016-01-17",-4.1,-7.5,-2
"475","2016-01-18",-5.8,-7.9,-4.4
"476","2016-01-19",-6.6,-9.4,-3.6
"477","2016-01-20",-4.4,-6.5,-1.5
"478","2016-01-21",-4,-8.8,-1.3
"479","2016-01-22",-7.3,-9,-5.6
"480","2016-01-23",-5.7,-9.4,-1.3
"481","2016-01-24",0.1,-5.2,3.3
"482","2016-01-25",2.9,-0.8,6.7
"483","2016-01-26",5.2,2.2,8.1
"484","2016-01-27",7.6,3.4,10.8
"485","2016-01-28",5.1,4.2,6.5
"486","2016-01-29",4.7,2.4,6.8
"487","2016-01-30",6.5,5.2,8.4
"488","2016-01-31",2.9,2.1,4.3
"489","2016-02-01",5.6,2.4,8.6
"490","2016-02-02",8.3,6.9,10.9
"491","2016-02-03",4.3,3.8,5.3
"492","2016-02-04",1.6,1.3,3.3
"493","2016-02-05",1.5,-0.1,3.6
"494","2016-02-06",4.4,2,7.6
"495","2016-02-07",5.7,3.4,8.2
"496","2016-02-08",7.9,5.7,9.7
"497","2016-02-09",8.6,6.9,10.9
"498","2016-02-10",4.1,2.6,6.3
"499","2016-02-11",2.4,1.3,4.1
"500","2016-02-12",1.8,1.1,3.3
"501","2016-02-13",1.8,0.2,3.3
"502","2016-02-14",4,2.1,5.9
"503","2016-02-15",4.6,3.1,7.2
"504","2016-02-16",0.8,-0.8,3.3
"505","2016-02-17",1.7,-0.2,4.3
"506","2016-02-18",4,2,6.8
"507","2016-02-19",1.7,1.1,3.2
"508","2016-02-20",2.6,0.6,5.4
"509","2016-02-21",6.7,2.2,9.8
"510","2016-02-22",7,5.1,11.9
"511","2016-02-23",3,1.8,4.2
"512","2016-02-24",1.1,0.6,2.3
"513","2016-02-25",0.4,-0.6,2
"514","2016-02-26",-0.6,-1.4,1.2
"515","2016-02-27",0.4,-2.4,2.8
"516","2016-02-28",2,-0.2,6.4
"517","2016-02-29",1.4,-0.2,4.6
"518","2016-03-01",0.3,-1.4,3.3
"519","2016-03-02",2.3,0.4,3.5
"520","2016-03-03",3.3,1.1,4.7
"521","2016-03-04",2.7,-0.2,3.9
"522","2016-03-05",4,1.2,7
"523","2016-03-06",4.5,2.4,7.9
"524","2016-03-07",3.7,0.6,5.2
"525","2016-03-08",3.4,1.4,5.6
"526","2016-03-09",3.5,1.8,5.3
"527","2016-03-10",4.5,3.4,6.3
"528","2016-03-11",4,2.9,6.9
"529","2016-03-12",3,2,4.9
"530","2016-03-13",1.8,0.8,3.2
"531","2016-03-14",2.1,0.2,3.5
"532","2016-03-15",2,1.1,4.3
"533","2016-03-16",2,1.3,3.6
"534","2016-03-17",4.5,3.2,6.7
"535","2016-03-18",3.8,2,5.7
"536","2016-03-19",3,-0.2,6
"537","2016-03-20",3.9,3.4,5.6
"538","2016-03-21",5.1,4.4,6.8
"539","2016-03-22",3.2,1.1,5.6
"540","2016-03-23",2.5,-1.6,5.1
"541","2016-03-24",2.5,-1.2,4.5
"542","2016-03-25",5.4,3,6.6
"543","2016-03-26",5.8,4.8,8.1
"544","2016-03-27",7,3.5,10.3
"545","2016-03-28",9.2,5.2,12.5
"546","2016-03-29",7.5,6,9.5
"547","2016-03-30",8,6.5,10.4
"548","2016-03-31",7.9,5.2,11
"549","2016-04-01",4.2,3.5,6.2
"550","2016-04-02",6.5,4.2,9
"551","2016-04-03",10.7,6.6,13.3
"552","2016-04-04",14.3,10.3,16.1
"553","2016-04-05",16.2,13.1,18.2
"554","2016-04-06",11.1,9.3,14.6
"555","2016-04-07",11.3,9.2,13.6
"556","2016-04-08",9.3,7.7,12.8
"557","2016-04-09",8.3,6.4,11.4
"558","2016-04-10",7.4,6,9
"559","2016-04-11",9.6,7.6,11.4
"560","2016-04-12",10.6,9.1,12.3
"561","2016-04-13",11.3,7.2,13.4
"562","2016-04-14",8.3,6.2,10.4
"563","2016-04-15",9.3,6.6,11
"564","2016-04-16",11.9,10.3,14
"565","2016-04-17",11.5,8.3,16.2
"566","2016-04-18",8.3,7,9.5
"567","2016-04-19",8.2,6.7,9.7
"568","2016-04-20",7,6.5,8.5
"569","2016-04-21",9.1,8.2,10.3
"570","2016-04-22",7.5,5.6,9.2
"571","2016-04-23",8.3,6.6,10.2
"572","2016-04-24",4.6,3.8,6.8
"573","2016-04-25",3.9,3.2,6.2
"574","2016-04-26",5.8,3.1,8.8
"575","2016-04-27",6,4.2,9.2
"576","2016-04-28",6.1,5.2,8.6
"577","2016-04-29",8.2,5.4,10
"578","2016-04-30",9.7,7.9,11.9
"579","2016-05-01",10.6,9.2,12.1
"580","2016-05-02",11.8,9.8,13.1
"581","2016-05-03",13,11.3,13.9
"582","2016-05-04",11.7,9.2,14.9
"583","2016-05-05",13,11.3,15.6
"584","2016-05-06",14.3,11.8,16.9
"585","2016-05-07",15,12.8,17.3
"586","2016-05-08",15.2,12.2,18.2
"587","2016-05-09",15,11.7,17.4
"588","2016-05-10",16,14.1,18
"589","2016-05-11",16.4,14.1,19.6
"590","2016-05-12",16.6,13.3,19
"591","2016-05-13",15.2,12.8,17.5
"592","2016-05-14",12.4,10.8,13.5
"593","2016-05-15",8.3,6.6,9.4
"594","2016-05-16",8.2,7.2,10.5
"595","2016-05-17",8.2,7.2,10.1
"596","2016-05-18",10.1,7.6,14.1
"597","2016-05-19",13.2,11.3,16.4
"598","2016-05-20",15.2,13.6,17.3
"599","2016-05-21",16,14.2,17.6
"600","2016-05-22",19.3,16.2,21.9
"601","2016-05-23",20.9,17,23.3
"602","2016-05-24",19.6,17.8,21.9
"603","2016-05-25",16.5,13.3,20.1
"604","2016-05-26",14.8,12.3,17.6
"605","2016-05-27",17.6,15.2,19
"606","2016-05-28",19.3,16.8,21.6
"607","2016-05-29",21,18.8,22.9
"608","2016-05-30",20.9,20.1,22.6
"609","2016-05-31",19.4,18.6,20.6
"610","2016-06-01",19.1,17.3,20.8
"611","2016-06-02",18.3,15.2,21.3
"612","2016-06-03",18.4,15.6,21.5
"613","2016-06-04",19.2,17.4,21.3
"614","2016-06-05",18.4,15.5,21.8
"615","2016-06-06",14.5,10.8,16.9
"616","2016-06-07",15.1,12.5,18.4
"617","2016-06-08",18,16.2,20.7
"618","2016-06-09",15.1,12.7,16.9
"619","2016-06-10",15.3,13.1,18.1
"620","2016-06-11",13.7,10.1,16.3
"621","2016-06-12",15.7,11.1,19.1
"622","2016-06-13",16.4,13.8,19.5
"623","2016-06-14",16.7,15.2,18
"624","2016-06-15",17,15.3,19.6
"625","2016-06-16",19.6,18.3,21.7
"626","2016-06-17",17.9,14.3,22.7
"627","2016-06-18",17.4,16.6,18.8
"628","2016-06-19",20,17.8,22.9
"629","2016-06-20",16.4,14.7,21.4
"630","2016-06-21",18.1,17.1,21.2
"631","2016-06-22",21.1,19.1,23.3
"632","2016-06-23",23.9,20.6,25.8
"633","2016-06-24",26.2,23.4,27.7
"634","2016-06-25",25.4,23.6,27.7
"635","2016-06-26",19.9,17.6,24.9
"636","2016-06-27",18.5,17.6,20.1
"637","2016-06-28",17.7,16.1,19.5
"638","2016-06-29",20,18.2,22.5
"639","2016-06-30",21.7,19.9,24.2
"640","2016-07-01",21.9,20.6,23.1
"641","2016-07-02",22.3,18.1,25
"642","2016-07-03",15.8,15.5,17.3
"643","2016-07-04",16,14.2,17.4
"644","2016-07-05",18.7,16.9,19.9
"645","2016-07-06",15.2,14.5,16.8
"646","2016-07-07",15.1,14.2,16.1
"647","2016-07-08",18.9,16.8,20.6
"648","2016-07-09",17,16.5,18.4
"649","2016-07-10",20.7,17.1,23.2
"650","2016-07-11",24.4,20.8,27.2
"651","2016-07-12",21.1,19.6,23.6
"652","2016-07-13",19.3,16.5,22
"653","2016-07-14",15.4,12.8,18.5
"654","2016-07-15",15.3,14.2,16.9
"655","2016-07-16",16.6,14.8,19.1
"656","2016-07-17",17.5,15.8,19.8
"657","2016-07-18",16.6,15.8,17.2
"658","2016-07-19",16.9,15.7,19.3
"659","2016-07-20",17.9,16.8,19.8
"660","2016-07-21",19.5,17.8,22.5
"661","2016-07-22",19.7,17.6,22
"662","2016-07-23",19.7,17.5,22.3
"663","2016-07-24",21.3,19.4,23.4
"664","2016-07-25",22.3,20.6,24.5
"665","2016-07-26",22.4,20.4,24.7
"666","2016-07-27",21.6,19.8,22.9
"667","2016-07-28",20.5,19.8,22.7
"668","2016-07-29",19.7,18.9,20.7
"669","2016-07-30",20.8,19.5,22.3
"670","2016-07-31",20.9,19.9,22.8
"671","2016-08-01",17.6,16.8,19.4
"672","2016-08-02",17.2,15.1,19.4
"673","2016-08-03",18.8,16.1,21
"674","2016-08-04",21.8,19.2,24.4
"675","2016-08-05",20.1,15.2,24.2
"676","2016-08-06",16.3,15.8,18.2
"677","2016-08-07",17.2,15.6,19.1
"678","2016-08-08",20.8,19.6,23.8
"679","2016-08-09",16.9,14.8,22.2
"680","2016-08-10",12.9,12.5,13.9
"681","2016-08-11",12.7,11.7,14
"682","2016-08-12",15.2,13.1,17.6
"683","2016-08-13",18.4,15.7,20.8
"684","2016-08-14",18,16,20.3
"685","2016-08-15",16.1,14.1,17.8
"686","2016-08-16",14.9,13.3,16.4
"687","2016-08-17",14.9,13.6,16.7
"688","2016-08-18",16,14.6,18.2
"689","2016-08-19",18.4,17.3,20.2
"690","2016-08-20",20.9,18.9,22.7
"691","2016-08-21",18.2,16.2,22
"692","2016-08-22",16.7,15.6,18.6
"693","2016-08-23",18.1,16.6,19.5
"694","2016-08-24",17.7,16.4,19.9
"695","2016-08-25",18.8,16.9,22
"696","2016-08-26",20.5,17.9,23.4
"697","2016-08-27",21.1,19.1,24.3
"698","2016-08-28",22.6,20.3,24.5
"699","2016-08-29",20.3,17.9,22.3
"700","2016-08-30",15.6,14.6,16.9
"701","2016-08-31",16.4,15.1,18.4
"702","2016-09-01",18.4,16.2,20.6
"703","2016-09-02",17.4,15.1,19.1
"704","2016-09-03",18.6,15.8,20.3
"705","2016-09-04",18.9,15.7,21.8
"706","2016-09-05",15.7,14.8,17.2
"707","2016-09-06",16,15.1,17.9
"708","2016-09-07",17.8,14.8,19.7
"709","2016-09-08",19.6,16.3,22.3
"710","2016-09-09",20.9,19.4,22.6
"711","2016-09-10",19.7,18.3,22.5
"712","2016-09-11",20.5,18.9,22.8
"713","2016-09-12",21.1,18.5,24.6
"714","2016-09-13",20.5,16.6,23.9
"715","2016-09-14",17.2,13.1,20.9
"716","2016-09-15",16.5,12,19.2
"717","2016-09-16",18.6,14.2,21.3
"718","2016-09-17",17,13,18.9
"719","2016-09-18",13,10.5,15.4
"720","2016-09-19",11.5,7.5,14.6
"721","2016-09-20",11.7,8.2,14.3
"722","2016-09-21",10.7,9.5,12.9
"723","2016-09-22",11,9.8,14
"724","2016-09-23",12.7,11.2,15.1
"725","2016-09-24",12.1,11,14.7
"726","2016-09-25",11.7,9.3,14.6
"727","2016-09-26",10.8,6.2,13.9
"728","2016-09-27",10.4,8.2,14.3
"729","2016-09-28",14.7,10.8,16.9
"730","2016-09-29",18.1,15.7,19.6
"731","2016-09-30",16,14.1,18.7
"732","2016-10-01",14.9,12.7,17.7
"733","2016-10-02",15.2,12.6,17.2
"734","2016-10-03",12.3,11.1,14.2
"735","2016-10-04",9.8,9,11.9
"736","2016-10-05",6.8,3.9,10.6
"737","2016-10-06",6.2,4,11.1
"738","2016-10-07",6.3,4.9,7.9
"739","2016-10-08",7.1,4.7,10.2
"740","2016-10-09",7.4,5.9,9.1
"741","2016-10-10",7.5,6.2,8.8
"742","2016-10-11",6.5,5.5,7.6
"743","2016-10-12",6.8,6.2,7.9
"744","2016-10-13",5,2.9,6.3
"745","2016-10-14",6,2.8,8.1
"746","2016-10-15",6.2,0.6,11.4
"747","2016-10-16",5,2,8.1
"748","2016-10-17",6.2,3.6,7.6
"749","2016-10-18",8.3,5.7,10.5
"750","2016-10-19",8,6.2,9.3
"751","2016-10-20",7.2,5.8,8.1
"752","2016-10-21",6.2,3.9,7.8
"753","2016-10-22",5.6,4.7,7
"754","2016-10-23",6.9,5.8,8.3
"755","2016-10-24",9,5.4,11.2
"756","2016-10-25",9.2,6.8,13
"757","2016-10-26",5.9,5.1,7.2
"758","2016-10-27",5.9,2.8,9
"759","2016-10-28",8.5,6.4,11.3
"760","2016-10-29",6.9,5.7,8.7
"761","2016-10-30",6,5,7.9
"762","2016-10-31",6.2,3.2,8.6
"763","2016-11-01",7.6,3.4,10.4
"764","2016-11-02",5,4.4,6.2
"765","2016-11-03",2.3,1,3.7
"766","2016-11-04",3.7,2.4,5.8
"767","2016-11-05",5.6,3.4,7.7
"768","2016-11-06",5.5,4.6,7.7
"769","2016-11-07",2.9,1.5,4.4
"770","2016-11-08",1.2,-1,3.2
"771","2016-11-09",0,-2.1,1.9
"772","2016-11-10",0.6,-1.2,2.8
"773","2016-11-11",0.5,-1.6,4.2
"774","2016-11-12",-1.6,-3.8,1.7
"775","2016-11-13",-0.3,-1.5,3
"776","2016-11-14",-0.5,-2,1.6
"777","2016-11-15",1.1,0.2,3.7
"778","2016-11-16",4.6,1.4,8
"779","2016-11-17",7,3.4,9
"780","2016-11-18",8.1,5.9,9.7
"781","2016-11-19",7.5,5.4,12.4
"782","2016-11-20",7.2,5.8,10.8
"783","2016-11-21",8.4,5,12.6
"784","2016-11-22",6.4,2,10.5
"785","2016-11-23",4.9,2.1,9.1
"786","2016-11-24",3.7,0.8,8.6
"787","2016-11-25",1,-0.8,3.2
"788","2016-11-26",1.9,-0.8,4.5
"789","2016-11-27",2.1,1.1,4
"790","2016-11-28",-1,-2.1,2.9
"791","2016-11-29",-0.6,-3.9,3.5
"792","2016-11-30",0.7,-0.8,3.7
"793","2016-12-01",2.9,0.2,7.1
"794","2016-12-02",1.6,-0.4,3.1
"795","2016-12-03",-0.2,-1.2,3.1
"796","2016-12-04",-1.7,-3.9,1.3
"797","2016-12-05",-0.8,-2.4,3.7
"798","2016-12-06",0,-1.6,3.2
"799","2016-12-07",0,-2.8,2.2
"800","2016-12-08",6,1.6,8.9
"801","2016-12-09",6.5,4,8.5
"802","2016-12-10",8.1,4.8,10.4
"803","2016-12-11",5.5,4,6.8
"804","2016-12-12",-2.1,-5.4,0.2
"805","2016-12-13",-1.8,-4.2,1.1
"806","2016-12-14",1.7,-0.5,4.4
"807","2016-12-15",0.8,-0.4,3.1
"808","2016-12-16",-2.1,-3.5,0
"809","2016-12-17",-2,-3.2,-0.4
"810","2016-12-18",0.4,-1.4,2.8
"811","2016-12-19",0.7,-0.8,3.7
"812","2016-12-20",-0.3,-2.4,3
"813","2016-12-21",-1.4,-3.1,0.3
"814","2016-12-22",-1.5,-2.8,1.4
"815","2016-12-23",0.4,-2.5,4
"816","2016-12-24",2,-1,4.9
"817","2016-12-25",4.6,0.8,7.8
"818","2016-12-26",6,4.2,7
"819","2016-12-27",3.4,2.2,5.8
"820","2016-12-28",0.4,-0.8,3.2
"821","2016-12-29",-0.9,-3,2.1
"822","2016-12-30",-1.3,-3.8,0.9
"823","2016-12-31",-0.6,-3.1,1.8
"824","2017-01-01",0.4,-3.6,3.9
"825","2017-01-02",-0.6,-1.8,1.2
"826","2017-01-03",0.2,-1.2,3.1
"827","2017-01-04",0.4,-0.6,1.7
"828","2017-01-05",-7,-13.4,-3.4
"829","2017-01-06",-13,-18.2,-5.1
"830","2017-01-07",-12.6,-19.8,-4.9
"831","2017-01-08",-10.6,-16.9,-4.3
"832","2017-01-09",-7.1,-12.9,-1.6
"833","2017-01-10",-8.6,-12.2,-3.4
"834","2017-01-11",-6.3,-12.7,-1.5
"835","2017-01-12",0.4,-5.3,3.1
"836","2017-01-13",1,-0.8,3.1
"837","2017-01-14",-0.8,-1.1,0.3
"838","2017-01-15",-1.4,-3.6,0.6
"839","2017-01-16",-2.8,-6.5,-0.8
"840","2017-01-17",-4.6,-6.5,-2.5
"841","2017-01-18",-5.7,-7.1,-2.4
"842","2017-01-19",-5.4,-8.3,0.4
"843","2017-01-20",-0.5,-2.2,3
"844","2017-01-21",0.2,-1.7,2.1
"845","2017-01-22",-1.4,-2.4,0.3
"846","2017-01-23",-3.3,-5.4,-1
"847","2017-01-24",-2.2,-5.4,1.7
"848","2017-01-25",-1.2,-6.1,1.7
"849","2017-01-26",-3.6,-9.4,0.8
"850","2017-01-27",-4.2,-7.1,-1.1
"851","2017-01-28",-4.3,-7.8,-1.2
"852","2017-01-29",-3.9,-7.9,0.7
"853","2017-01-30",-3.1,-6.9,0.9
"854","2017-01-31",-2.6,-4.9,0
"855","2017-02-01",-2.5,-5.3,0.1
"856","2017-02-02",-1,-2.8,1.6
"857","2017-02-03",0,-2.6,1.6
"858","2017-02-04",-1,-6.8,2.1
"859","2017-02-05",-1.3,-5.6,1.6
"860","2017-02-06",-2.5,-5.3,-0.6
"861","2017-02-07",-5.8,-9.5,-2.5
"862","2017-02-08",-7.9,-10.3,-5.3
"863","2017-02-09",-6.5,-7.6,-4.6
"864","2017-02-10",-5.2,-7.8,-2.2
"865","2017-02-11",-5.8,-8.5,-2.3
"866","2017-02-12",-5.9,-7,-3
"867","2017-02-13",-7,-8.9,-5.4
"868","2017-02-14",-4,-6.6,-2.1
"869","2017-02-15",-0.3,-3,5.7
"870","2017-02-16",2.4,-2,6.4
"871","2017-02-17",2.6,1.3,4.8
"872","2017-02-18",2.1,1.2,3.5
"873","2017-02-19",2.2,1.2,3.9
"874","2017-02-20",4.6,2.4,7
"875","2017-02-21",5.1,4.2,6.2
"876","2017-02-22",5.5,2.9,8.3
"877","2017-02-23",6.5,4.4,8.6
"878","2017-02-24",1.8,0.6,3.9
"879","2017-02-25",1.2,-0.1,3.5
"880","2017-02-26",5.5,2.6,8
"881","2017-02-27",8.1,5.7,10
"882","2017-02-28",7.6,5.2,10.6
"883","2017-03-01",4.4,3.4,6.9
"884","2017-03-02",5,3.4,6.9
"885","2017-03-03",4.6,2.9,6.3
"886","2017-03-04",9,5.1,12.5
"887","2017-03-05",8.8,6,12.6
"888","2017-03-06",4.9,1.8,6.2
"889","2017-03-07",3.3,1.5,5.6
"890","2017-03-08",3.2,2,5.4
"891","2017-03-09",3.7,2.8,5.3
"892","2017-03-10",4.2,3.8,5.4
"893","2017-03-11",3.3,2.8,4.5
"894","2017-03-12",2.9,1.1,4.4
"895","2017-03-13",2.5,0.6,4.1
"896","2017-03-14",4.9,2.9,7.5
"897","2017-03-15",6.5,4.2,8.5
"898","2017-03-16",4.8,2.4,7.5
"899","2017-03-17",6.4,4.7,8.3
"900","2017-03-18",4,3.4,6.4
"901","2017-03-19",3.8,2.8,6.1
"902","2017-03-20",8.3,4.2,11.3
"903","2017-03-21",9.4,8.6,11.2
"904","2017-03-22",5.2,2.8,6.7
"905","2017-03-23",6.2,5.9,7.1
"906","2017-03-24",5,3.8,7.1
"907","2017-03-25",5.1,3.4,7
"908","2017-03-26",4.2,2.2,6.5
"909","2017-03-27",9.2,7.2,11.6
"910","2017-03-28",10.4,5.2,14.9
"911","2017-03-29",10.3,5.8,13.4
"912","2017-03-30",9,6.1,11.4
"913","2017-03-31",13.5,10.2,15.9
"914","2017-04-01",14.2,12.5,16.3
"915","2017-04-02",13.8,9.1,16.7
"916","2017-04-03",10,7.6,13.6
"917","2017-04-04",11.4,6.4,14.2
"918","2017-04-05",9.7,6.9,12.8
"919","2017-04-06",6.2,5.1,8.9
"920","2017-04-07",7,6.1,8.6
"921","2017-04-08",8.4,6.7,9.9
"922","2017-04-09",9.3,7.4,12.2
"923","2017-04-10",13,12.1,15.2
"924","2017-04-11",6,4.2,7.6
"925","2017-04-12",7.7,6.1,9.7
"926","2017-04-13",7.1,6.1,9
"927","2017-04-14",6.7,4.4,8.3
"928","2017-04-15",7.8,6,10.1
"929","2017-04-16",3.7,2,5.4
"930","2017-04-17",3.8,0.8,5.6
"931","2017-04-18",2.6,1.4,4
"932","2017-04-19",2.9,2,4.7
"933","2017-04-20",2.9,1.2,5.4
"934","2017-04-21",7.7,6.6,9.6
"935","2017-04-22",5.4,4.9,6.7
"936","2017-04-23",4.2,3.5,5.2
"937","2017-04-24",6.6,5.5,8.2
"938","2017-04-25",9.1,4.2,13.1
"939","2017-04-26",5.1,4.2,7.9
"940","2017-04-27",5.2,3.4,6.7
"941","2017-04-28",5.5,3.8,9.6
"942","2017-04-29",6.1,4.2,7.6
"943","2017-04-30",6.6,5.5,8.3
"944","2017-05-01",9.1,7,11.6
"945","2017-05-02",9.2,4.5,11.3
"946","2017-05-03",10.3,8.8,11.7
"947","2017-05-04",10.7,8.8,13.1
"948","2017-05-05",13,11,16.5
"949","2017-05-06",13,9.2,18.2
"950","2017-05-07",9.9,7.1,13.9
"951","2017-05-08",6.4,4.8,9.1
"952","2017-05-09",3.2,2.2,5.1
"953","2017-05-10",6,2.6,8.5
"954","2017-05-11",10.2,5.7,14.5
"955","2017-05-12",13.3,10.7,16.7
"956","2017-05-13",13.8,11.7,17.1
"957","2017-05-14",15.4,13,17.9
"958","2017-05-15",15,13.7,16.7
"959","2017-05-16",13.6,9.8,16
"960","2017-05-17",16,12.8,18.2
"961","2017-05-18",18.3,15.2,20.7
"962","2017-05-19",19.8,16.8,22.4
"963","2017-05-20",16.4,13.8,20.6
"964","2017-05-21",15.1,13.7,18.1
"965","2017-05-22",15.4,13,17.5
"966","2017-05-23",16.9,14.7,19.2
"967","2017-05-24",12.8,12.2,15.7
"968","2017-05-25",13.4,12.3,15.5
"969","2017-05-26",15.3,13.5,17.3
"970","2017-05-27",15.8,14.7,18.5
"971","2017-05-28",20,17.4,22.5
"972","2017-05-29",20.7,16.3,24.2
"973","2017-05-30",19.8,15.8,22.2
"974","2017-05-31",17.3,16.2,18.9
"975","2017-06-01",14.2,12.2,16.3
"976","2017-06-02",15.6,11.7,18.5
"977","2017-06-03",16.4,10.7,19.8
"978","2017-06-04",17.4,14.1,21.7
"979","2017-06-05",16.7,14.1,18.8
"980","2017-06-06",18.9,17.1,21.6
"981","2017-06-07",14.8,13.7,17.1
"982","2017-06-08",15.8,14.8,17.5
"983","2017-06-09",19.2,16.2,21.8
"984","2017-06-10",16.5,14.8,19.4
"985","2017-06-11",18.6,16.5,21.1
"986","2017-06-12",18.5,15.8,21.3
"987","2017-06-13",15.8,14.8,17.4
"988","2017-06-14",14.8,13.2,16.3
"989","2017-06-15",17.4,15.6,19.5
"990","2017-06-16",16.1,15.2,17.8
"991","2017-06-17",14,12.7,16.4
"992","2017-06-18",18.3,16.8,20.2
"993","2017-06-19",21.5,20.4,23.4
"994","2017-06-20",21.6,17.3,25.2
"995","2017-06-21",17.2,14.7,19.6
"996","2017-06-22",19.7,16.1,22.9
"997","2017-06-23",18.1,16.1,20.3
"998","2017-06-24",19.2,17.2,22.4
"999","2017-06-25",20,16.5,23.8
"1000","2017-06-26",17.3,14.8,21.4
"1001","2017-06-27",18.8,15.5,21.9
"1002","2017-06-28",20.8,17.8,25.4
"1003","2017-06-29",20.6,18.6,23.2
"1004","2017-06-30",17.5,15.2,21.1
"1005","2017-07-01",17.1,15.2,19
"1006","2017-07-02",16.1,14.5,18.2
"1007","2017-07-03",15.6,14.2,17.2
"1008","2017-07-04",15.3,13.3,17.9
"1009","2017-07-05",14.8,13,17.9
"1010","2017-07-06",16.1,13.5,18.9
"1011","2017-07-07",17.7,16.1,19.7
"1012","2017-07-08",18.1,16.4,19.7
"1013","2017-07-09",19.2,15.2,23.3
"1014","2017-07-10",21.4,18.8,22.9
"1015","2017-07-11",18.7,17.4,21.1
"1016","2017-07-12",19.4,17,21.8
"1017","2017-07-13",14.7,13.7,16.2
"1018","2017-07-14",15.6,14.3,16.6
"1019","2017-07-15",15.6,14.5,17
"1020","2017-07-16",17.6,16,19.5
"1021","2017-07-17",17.4,15.3,19.6
"1022","2017-07-18",18.4,15.2,21.6
"1023","2017-07-19",21.3,17.3,23.5
"1024","2017-07-20",22.1,19.3,24.9
"1025","2017-07-21",19.5,15.8,22.8
"1026","2017-07-22",20.9,18.1,23.7
"1027","2017-07-23",19.5,18.2,21
"1028","2017-07-24",19.7,18.3,22.4
"1029","2017-07-25",16.9,15.6,19.6
"1030","2017-07-26",16.5,15.3,18.4
"1031","2017-07-27",17.5,16.5,19.5
"1032","2017-07-28",17.2,16.4,18.5
"1033","2017-07-29",18.9,17.1,20.5
"1034","2017-07-30",24.1,20.8,26
"1035","2017-07-31",23.6,19.3,26.4
"1036","2017-08-01",25.9,23.2,28.1
"1037","2017-08-02",22.7,20,25.2
"1038","2017-08-03",23.1,19.9,26.2
"1039","2017-08-04",22.1,19.8,25.7
"1040","2017-08-05",20.6,17.6,25.2
"1041","2017-08-06",17.3,16.1,21.2
"1042","2017-08-07",16.5,14.1,18.7
"1043","2017-08-08",19.2,17.5,20.3
"1044","2017-08-09",21.8,20.3,24.1
"1045","2017-08-10",21.5,19.3,24.9
"1046","2017-08-11",21.4,18.4,26.8
"1047","2017-08-12",16.8,14.8,21.7
"1048","2017-08-13",15.9,15.3,17.2
"1049","2017-08-14",17.1,15.7,18.6
"1050","2017-08-15",18.9,16.8,20.8
"1051","2017-08-16",18.6,17.8,21.1
"1052","2017-08-17",18.4,18.2,19.6
"1053","2017-08-18",21.9,20.9,23.6
"1054","2017-08-19",17.7,16.4,22
"1055","2017-08-20",15.1,14.6,15.9
"1056","2017-08-21",14.5,14.1,16
"1057","2017-08-22",14.1,13.6,15.6
"1058","2017-08-23",14.2,13.5,16.1
"1059","2017-08-24",16.8,13.3,19.5
"1060","2017-08-25",17.9,16.2,20.5
"1061","2017-08-26",18.6,15.2,20.9
"1062","2017-08-27",18.3,16.1,21.7
"1063","2017-08-28",15.4,14.1,17.3
"1064","2017-08-29",16.3,12.6,19
"1065","2017-08-30",19.2,15.5,22.1
"1066","2017-08-31",20.6,17.9,23.6
"1067","2017-09-01",15.6,12.8,21.1
"1068","2017-09-02",13.5,12.2,14.8
"1069","2017-09-03",13.1,12.6,15.5
"1070","2017-09-04",14.1,13.5,16.2
"1071","2017-09-05",14.6,13,16.8
"1072","2017-09-06",15.1,12,16.7
"1073","2017-09-07",13,11.2,14.4
"1074","2017-09-08",14.4,13.2,15.8
"1075","2017-09-09",17.1,15.3,19.3
"1076","2017-09-10",16.4,13.8,20.7
"1077","2017-09-11",17.2,15.2,21.3
"1078","2017-09-12",14,13.2,15.4
"1079","2017-09-13",14.9,13.1,16.7
"1080","2017-09-14",14.3,11.7,18.2
"1081","2017-09-15",12.2,10.8,13.5
"1082","2017-09-16",12.3,11.2,13.4
"1083","2017-09-17",12.5,11.2,14.6
"1084","2017-09-18",11.2,11,12.4
"1085","2017-09-19",11.6,10.6,13.2
"1086","2017-09-20",11.5,10.8,12.6
"1087","2017-09-21",11.8,10.8,14.7
"1088","2017-09-22",12.3,10.8,14.5
"1089","2017-09-23",13.1,11.5,15.6
"1090","2017-09-24",13.8,13,15.6
"1091","2017-09-25",13.3,12.5,14.7
"1092","2017-09-26",13.3,11.3,15.7
"1093","2017-09-27",12.8,10.6,14.7
"1094","2017-09-28",11.5,9.1,13.3
"1095","2017-09-29",10,7,11.8
"1096","2017-09-30",10.2,7.4,12.8
"1097","2017-10-01",9.6,5.2,12.8
"1098","2017-10-02",11.6,9,13.6
"1099","2017-10-03",11.3,10.1,12.5
"1100","2017-10-04",11.2,10.5,12.8
"1101","2017-10-05",9.8,8.7,11.4
"1102","2017-10-06",8.9,8.1,10.2
"1103","2017-10-07",9.4,8.3,10.9
"1104","2017-10-08",8.2,6.1,9.3
"1105","2017-10-09",7.8,6.5,9.1
"1106","2017-10-10",9.7,7.7,11.3
"1107","2017-10-11",12.8,11.6,14.2
"1108","2017-10-12",12.8,12,14
"1109","2017-10-13",10.5,8.7,12.6
"1110","2017-10-14",14.1,11.8,15.9
"1111","2017-10-15",13.8,11.5,16.2
"1112","2017-10-16",14.7,12.8,16.6
"1113","2017-10-17",14.2,13.3,17.6
"1114","2017-10-18",12.5,10.6,15.2
"1115","2017-10-19",11.7,10,13.5
"1116","2017-10-20",11.6,9.8,12.9
"1117","2017-10-21",10.1,8,11.6
"1118","2017-10-22",8.6,4.9,11
"1119","2017-10-23",7.8,4.6,9.5
"1120","2017-10-24",7.2,3.5,10.7
"1121","2017-10-25",10.2,6.1,13.7
"1122","2017-10-26",11.2,10,12.9
"1123","2017-10-27",8.5,7.2,9.9
"1124","2017-10-28",8,7,10
"1125","2017-10-29",5.5,5.2,6.8
"1126","2017-10-30",3.3,2.4,5.4
"1127","2017-10-31",4.6,2.9,7.1
"1128","2017-11-01",8.1,6.5,10.1
"1129","2017-11-02",8.9,8.2,9.8
"1130","2017-11-03",7.8,6.9,9
"1131","2017-11-04",7.4,5.4,8.7
"1132","2017-11-05",8.1,6.6,10.3
"1133","2017-11-06",7.3,5.2,9.8
"1134","2017-11-07",6.6,4.9,7.9
"1135","2017-11-08",5.2,4.6,6.9
"1136","2017-11-09",5.6,3.8,7.3
"1137","2017-11-10",6.5,5.7,7.8
"1138","2017-11-11",4.3,3.4,6.1
"1139","2017-11-12",3.3,1.5,4.8
"1140","2017-11-13",3,1.3,4.4
"1141","2017-11-14",3,1.2,4.6
"1142","2017-11-15",4.8,1.2,7
"1143","2017-11-16",4.7,2,7.6
"1144","2017-11-17",3.6,2.8,5.3
"1145","2017-11-18",3,2.4,4.2
"1146","2017-11-19",3.1,2.4,4.3
"1147","2017-11-20",1.8,1.3,3.3
"1148","2017-11-21",2.1,-0.2,4.4
"1149","2017-11-22",4.5,-0.5,7.4
"1150","2017-11-23",6.2,3.8,9.7
"1151","2017-11-24",7.3,4.2,9.9
"1152","2017-11-25",6.1,3.5,8.8
"1153","2017-11-26",2.4,1.2,3.8
"1154","2017-11-27",1.8,-1.1,4.4
"1155","2017-11-28",2.4,-0.2,5.4
"1156","2017-11-29",1.2,0.4,3.4
"1157","2017-11-30",0.6,0.4,2.2
"1158","2017-12-01",0.4,-2.4,3.5
"1159","2017-12-02",0.2,-2.1,1.5
"1160","2017-12-03",-0.4,-1.1,1.1
"1161","2017-12-04",1,-0.1,2.4
"1162","2017-12-05",3.6,1.8,6.3
"1163","2017-12-06",5.2,3.6,7.5
"1164","2017-12-07",4,2,6.1
"1165","2017-12-08",2.9,2,3.6
"1166","2017-12-09",0.3,-0.2,1.8
"1167","2017-12-10",0.4,-0.4,2.1
"1168","2017-12-11",5.9,2.6,10.7
"1169","2017-12-12",5.5,3.2,7.9
"1170","2017-12-13",0.8,-1,2.5
"1171","2017-12-14",2.2,0.8,4.6
"1172","2017-12-15",1.2,-0.2,4.3
"1173","2017-12-16",0.5,-0.4,1.6
"1174","2017-12-17",-0.6,-2.4,0.9
"1175","2017-12-18",-2.1,-3.8,-0.8
"1176","2017-12-19",-1.7,-2.6,1
"1177","2017-12-20",-0.8,-1.8,2.5
"1178","2017-12-21",2.2,-0.4,5.7
"1179","2017-12-22",3.4,1.8,5.5
"1180","2017-12-23",5.7,3.4,8.1
"1181","2017-12-24",8.1,7.2,9.8
"1182","2017-12-25",5.8,2.8,7.7
"1183","2017-12-26",3.4,-0.8,5.2
"1184","2017-12-27",3.3,2.2,6.2
"1185","2017-12-28",3.9,1.8,6.9
"1186","2017-12-29",0.5,-0.8,2
"1187","2017-12-30",0.8,-0.4,2.8
"1188","2017-12-31",6,1.8,9.3
"1189","2018-01-01",4.9,1.8,6.5
"1190","2018-01-02",2.5,2,4
"1191","2018-01-03",3.3,2.1,4.9
"1192","2018-01-04",4.9,3.6,6.3
"1193","2018-01-05",5.9,4.4,7.8
"1194","2018-01-06",5,3.2,7.6
"1195","2018-01-07",0.2,-2.6,3.5
"1196","2018-01-08",-2.3,-3.6,-0.3
"1197","2018-01-09",0.1,-4.4,2.2
"1198","2018-01-10",1.2,-2.8,4.2
"1199","2018-01-11",0.4,-2.8,3.4
"1200","2018-01-12",-1,-2.2,1.4
"1201","2018-01-13",-2.3,-5.9,0.1
"1202","2018-01-14",-5,-7.4,-2.4
"1203","2018-01-15",-5.3,-9.2,-1.3
"1204","2018-01-16",-1.4,-7,1.8
"1205","2018-01-17",0.1,-2.8,1.7
"1206","2018-01-18",1.1,-0.4,3.4
"1207","2018-01-19",0.5,-1.4,1.6
"1208","2018-01-20",-0.8,-2.6,0.9
"1209","2018-01-21",-1.9,-4.3,0.5
"1210","2018-01-22",-3.6,-6.6,-0.8
"1211","2018-01-23",-3.2,-8.9,0.7
"1212","2018-01-24",3.1,-0.5,9
"1213","2018-01-25",3.9,1.2,7
"1214","2018-01-26",2,-0.5,5.5
"1215","2018-01-27",2.8,0.8,5.4
"1216","2018-01-28",5.6,3.1,8.3
"1217","2018-01-29",7.3,5.6,9.7
"1218","2018-01-30",3.2,2,4.1
"1219","2018-01-31",3.6,1.8,5.7
"1220","2018-02-01",3.1,2,6
"1221","2018-02-02",1.1,0.2,2.6
"1222","2018-02-03",0.4,-0.6,2.3
"1223","2018-02-04",-0.7,-2.1,0.6
"1224","2018-02-05",-4.5,-6.5,-2
"1225","2018-02-06",-5.6,-9.2,-3.9
"1226","2018-02-07",-3.6,-8.3,-0.2
"1227","2018-02-08",-3.6,-7.9,-0.8
"1228","2018-02-09",-3.9,-7.5,-1.4
"1229","2018-02-10",-3,-4.9,-1.2
"1230","2018-02-11",-0.7,-3.4,1.7
"1231","2018-02-12",0.1,-1.1,1.8
"1232","2018-02-13",-0.8,-2.5,0.5
"1233","2018-02-14",-1.7,-3.5,-0.1
"1234","2018-02-15",-2,-4.5,0.3
"1235","2018-02-16",0.6,-1.1,3.2
"1236","2018-02-17",0.6,-1,2.3
"1237","2018-02-18",-0.3,-4.5,1.7
"1238","2018-02-19",-1,-4.1,1.2
"1239","2018-02-20",-1.7,-3.8,0.8
"1240","2018-02-21",-2.8,-5.8,-0.9
"1241","2018-02-22",-4.7,-7.6,-2.4
"1242","2018-02-23",-5.9,-8.8,-3.4
"1243","2018-02-24",-8.1,-10.3,-4.5
"1244","2018-02-25",-10.3,-12.3,-6.1
"1245","2018-02-26",-11.6,-13.5,-6.9
"1246","2018-02-27",-11.4,-12.3,-8.9
"1247","2018-02-28",-11.3,-12.8,-9.1
"1248","2018-03-01",-12,-14.5,-8.8
"1249","2018-03-02",-10.6,-12.5,-8.1
"1250","2018-03-03",-9.7,-11.2,-6.6
"1251","2018-03-04",-5.9,-9.9,-3.2
"1252","2018-03-05",-0.9,-3,1.3
"1253","2018-03-06",1,-0.4,2.5
"1254","2018-03-07",1.9,0.6,4
"1255","2018-03-08",3.2,2.2,4.6
"1256","2018-03-09",2.9,2.1,4.9
"1257","2018-03-10",5.1,2,7.5
"1258","2018-03-11",8.4,3.4,10.3
"1259","2018-03-12",9.4,7.5,11.5
"1260","2018-03-13",8.2,6.9,10.3
"1261","2018-03-14",3.5,1.5,6.8
"1262","2018-03-15",1.4,-1.1,4.6
"1263","2018-03-16",-2,-3.8,1.5
"1264","2018-03-17",-5.3,-6,-3.3
"1265","2018-03-18",-5.2,-7.3,-2.8
"1266","2018-03-19",-3.9,-5.8,-0.9
"1267","2018-03-20",-1.7,-4.3,0
"1268","2018-03-21",-0.9,-4.5,2.3
"1269","2018-03-22",0.6,-2.2,2.6
"1270","2018-03-23",1.1,-1.8,2
"1271","2018-03-24",2.1,-0.4,3.9
"1272","2018-03-25",3.5,2.5,5.3
"1273","2018-03-26",3.8,2.8,5.1
"1274","2018-03-27",0.9,-1.8,3
"1275","2018-03-28",1.8,-0.4,4.9
"1276","2018-03-29",3.6,0.2,6.1
"1277","2018-03-30",5.4,2.1,8.9
"1278","2018-03-31",6.6,3.1,11.3
"1279","2018-04-01",2.7,0.8,4.6
"1280","2018-04-02",3,0.4,5.1
"1281","2018-04-03",9.3,6.1,11.8
"1282","2018-04-04",13.5,10.1,16.1
"1283","2018-04-05",11.8,9.3,13.8
"1284","2018-04-06",5.7,4.7,6.8
"1285","2018-04-07",10.2,6.9,12.4
"1286","2018-04-08",14.4,12.6,16.6
"1287","2018-04-09",15.3,12.5,18.3
"1288","2018-04-10",14.6,6.9,18.1
"1289","2018-04-11",12.2,7.4,15.6
"1290","2018-04-12",15.3,11.1,18.6
"1291","2018-04-13",15.2,14.5,16.5
"1292","2018-04-14",13.6,10.1,15.2
"1293","2018-04-15",16.5,13.8,17.7
"1294","2018-04-16",14.9,9.2,18.7
"1295","2018-04-17",11.6,9.2,13
"1296","2018-04-18",13.6,11.8,16.9
"1297","2018-04-19",14.7,9.2,18.3
"1298","2018-04-20",15.5,12.7,20.1
"1299","2018-04-21",15.5,12.3,19.4
"1300","2018-04-22",12.8,8.2,15.7
"1301","2018-04-23",14.8,11.8,16.2
"1302","2018-04-24",13.4,11.8,16
"1303","2018-04-25",13.8,11.1,18.2
"1304","2018-04-26",9.4,8.3,11
"1305","2018-04-27",10.2,7.7,11.8
"1306","2018-04-28",15.6,12.8,17.3
"1307","2018-04-29",18.3,12.8,20.9
"1308","2018-04-30",19.1,16.8,21.7
"1309","2018-05-01",15.8,12.2,20
"1310","2018-05-02",15.2,11.8,20.1
"1311","2018-05-03",17.1,11.6,21.5
"1312","2018-05-04",13.4,9.2,18.2
"1313","2018-05-05",12.7,10,15
"1314","2018-05-06",13.8,12.6,15.3
"1315","2018-05-07",15.8,13,17.6
"1316","2018-05-08",17.6,15.1,19.8
"1317","2018-05-09",18.9,16.2,21.1
"1318","2018-05-10",19.9,18.8,22
"1319","2018-05-11",17.2,14.8,20.7
"1320","2018-05-12",16.9,15.3,18.9
"1321","2018-05-13",18.3,15.2,20.1
"1322","2018-05-14",15.2,10.8,17.4
"1323","2018-05-15",14.4,12.2,16.4
"1324","2018-05-16",15.1,12.8,17.5
"1325","2018-05-17",14.3,13.1,16.4
"1326","2018-05-18",13.5,12.2,15.1
"1327","2018-05-19",13.6,11.5,14.8
"1328","2018-05-20",14.7,13.1,16.1
"1329","2018-05-21",15.6,14.5,17.6
"1330","2018-05-22",16.5,14.2,18.6
"1331","2018-05-23",17.8,15.1,19.9
"1332","2018-05-24",18,14.8,19.6
"1333","2018-05-25",17.8,16,19.1
"1334","2018-05-26",19,17.1,21.1
"1335","2018-05-27",20.5,18.5,23.2
"1336","2018-05-28",21.8,19.4,24.5
"1337","2018-05-29",21.8,20.2,24.2
"1338","2018-05-30",22.1,20.3,23.6
"1339","2018-05-31",22.8,19.4,24.9
"1340","2018-06-01",22.2,19.5,24
"1341","2018-06-02",20,15.6,22.3
"1342","2018-06-03",20.1,17.9,22.4
"1343","2018-06-04",21.1,19.9,22.7
"1344","2018-06-05",17.8,14.2,21.1
"1345","2018-06-06",13.9,10.2,16.4
"1346","2018-06-07",17.5,14.3,19.9
"1347","2018-06-08",21.4,18.2,23.9
"1348","2018-06-09",22.6,19.3,25.4
"1349","2018-06-10",22.9,21.9,25.3
"1350","2018-06-11",19.9,18.3,21.8
"1351","2018-06-12",17.1,15.2,19.2
"1352","2018-06-13",16.5,15.5,18.8
"1353","2018-06-14",17,15.8,19.1
"1354","2018-06-15",19,18.2,21.1
"1355","2018-06-16",20.3,17.6,22.2
"1356","2018-06-17",21.6,20,23.6
"1357","2018-06-18",20.1,18.1,22.2
"1358","2018-06-19",20.8,19.8,22.3
"1359","2018-06-20",21.2,18.9,23
"1360","2018-06-21",19.8,14.7,22.7
"1361","2018-06-22",13,12.3,14.5
"1362","2018-06-23",12.8,11.5,14.6
"1363","2018-06-24",13.2,12.7,15
"1364","2018-06-25",14.6,12.6,17.3
"1365","2018-06-26",15.1,13.8,17.5
"1366","2018-06-27",18.8,16.8,21.5
"1367","2018-06-28",20.2,17.8,22.6
"1368","2018-06-29",19.9,16.6,21.8
"1369","2018-06-30",14.2,13.5,15.4
"1370","2018-07-01",13.5,12.1,15.8
"1371","2018-07-02",14.7,11.2,16.9
"1372","2018-07-03",17.8,13.2,21.4
"1373","2018-07-04",21,18,24.5
"1374","2018-07-05",22.9,19.2,25.4
"1375","2018-07-06",19,17.3,21.4
"1376","2018-07-07",19.5,18.3,22.3
"1377","2018-07-08",19.4,17.3,21
"1378","2018-07-09",20.2,18.3,22
"1379","2018-07-10",19.1,15.7,23.4
"1380","2018-07-11",18.4,16.3,21.8
"1381","2018-07-12",17.4,15.5,20.1
"1382","2018-07-13",18.1,17,20.6
"1383","2018-07-14",18.8,17.6,20.8
"1384","2018-07-15",19.2,17.8,20.5
"1385","2018-07-16",20.1,17.9,22.6
"1386","2018-07-17",19.2,17.9,21
"1387","2018-07-18",20.1,18.1,22.9
"1388","2018-07-19",19.5,17.3,23.7
"1389","2018-07-20",20.1,18.8,22
"1390","2018-07-21",20.4,18.3,22.3
"1391","2018-07-22",21.6,19.8,23.8
"1392","2018-07-23",22.1,20.8,23.4
"1393","2018-07-24",22.1,21.4,23.6
"1394","2018-07-25",22.3,21.2,24
"1395","2018-07-26",22.6,20.2,25.2
"1396","2018-07-27",22.6,21,24.5
"1397","2018-07-28",23.9,23,25.6
"1398","2018-07-29",22.5,20.6,24
"1399","2018-07-30",23.5,21.5,26
"1400","2018-07-31",24.7,20.9,28.1
"1401","2018-08-01",25.3,23.2,28.8
"1402","2018-08-02",24.6,21.4,27.2
"1403","2018-08-03",23.9,22.4,26.9
"1404","2018-08-04",24,22.3,26.4
"1405","2018-08-05",21.1,19.9,22.9
"1406","2018-08-06",19.7,18.2,22.3
"1407","2018-08-07",22.9,19.3,26.5
"1408","2018-08-08",24.7,22,27.6
"1409","2018-08-09",26,24,28.5
"1410","2018-08-10",21.5,17.8,24.8
"1411","2018-08-11",17.5,16.8,19.5
"1412","2018-08-12",18.2,15.8,20.3
"1413","2018-08-13",22.7,19.8,25.4
"1414","2018-08-14",20.5,19.2,22
"1415","2018-08-15",19,17.3,20.3
"1416","2018-08-16",19.9,17.3,22.1
"1417","2018-08-17",21.6,18.8,24.2
"1418","2018-08-18",20.9,19,22
"1419","2018-08-19",21.8,20.1,24.8
"1420","2018-08-20",22.4,19.6,24.4
"1421","2018-08-21",18.2,16.3,20.4
"1422","2018-08-22",19.3,15.2,22.6
"1423","2018-08-23",23.1,20.8,26.1
"1424","2018-08-24",20.8,18.8,23.1
"1425","2018-08-25",16.4,14.5,19.2
"1426","2018-08-26",12.8,11.6,14.5
"1427","2018-08-27",15.9,13.2,18.3
"1428","2018-08-28",16.1,14.7,17.9
"1429","2018-08-29",17.1,14.8,19.7
"1430","2018-08-30",18.7,16.3,20.4
"1431","2018-08-31",16.8,15.6,18.6
"1432","2018-09-01",17.9,14.7,20.5
"1433","2018-09-02",19.6,18.5,21.3
"1434","2018-09-03",20,18.6,22.1
"1435","2018-09-04",18.7,17.9,20.5
"1436","2018-09-05",17.6,16.3,19.5
"1437","2018-09-06",17,15.8,19.6
"1438","2018-09-07",18,16.9,20.3
"1439","2018-09-08",15.8,14.2,18.3
"1440","2018-09-09",16.1,15.1,18.8
"1441","2018-09-10",17.8,16.3,20.8
"1442","2018-09-11",18.4,16.6,20.4
"1443","2018-09-12",20,17.4,22.4
"1444","2018-09-13",16.5,14.2,20.3
"1445","2018-09-14",15.4,13.5,17.5
"1446","2018-09-15",14.8,14,16
"1447","2018-09-16",13.9,11.5,16.3
"1448","2018-09-17",16.6,14.8,19.6
"1449","2018-09-18",19,16.9,22.2
"1450","2018-09-19",19.2,17.6,22
"1451","2018-09-20",19.9,17.6,23.8
"1452","2018-09-21",19.8,18.1,21.1
"1453","2018-09-22",12,10.8,14.2
"1454","2018-09-23",11.5,9.8,14.4
"1455","2018-09-24",8.2,7.6,10.9
"1456","2018-09-25",7.1,6.2,9.3
"1457","2018-09-26",10.6,8.6,13.1
"1458","2018-09-27",14.2,11.8,16.8
"1459","2018-09-28",12,10.8,14.8
"1460","2018-09-29",7.4,6,9.4
"1461","2018-09-30",8.2,6.5,10.8
"1462","2018-10-01",10.1,8.2,11.4
"1463","2018-10-02",8.6,8.1,10
"1464","2018-10-03",8.6,8.2,9.8
"1465","2018-10-04",9.3,7.2,11.7
"1466","2018-10-05",11.3,9.1,13.8
"1467","2018-10-06",13.3,10.6,15.4
"1468","2018-10-07",12.4,8.3,15.9
"1469","2018-10-08",8.3,6.2,11.2
"1470","2018-10-09",10,6.8,13.6
"1471","2018-10-10",12.6,8.8,16.4
"1472","2018-10-11",14,11.2,17.3
"1473","2018-10-12",14,11.8,17.6
"1474","2018-10-13",13.7,10.7,16.7
"1475","2018-10-14",13.8,10.2,17.2
"1476","2018-10-15",13,9.5,16.9
"1477","2018-10-16",11.8,8.5,15.8
"1478","2018-10-17",12.1,9.2,15.2
"1479","2018-10-18",12.2,10.1,14
"1480","2018-10-19",10.3,7.9,12.3
"1481","2018-10-20",8.4,5.7,10.4
"1482","2018-10-21",6.5,5.2,8.9
"1483","2018-10-22",6.6,5.6,7.8
"1484","2018-10-23",7.3,5.6,9.6
"1485","2018-10-24",6.1,5.2,7.4
"1486","2018-10-25",8.2,5.4,10.5
"1487","2018-10-26",8.5,6.9,9.9
"1488","2018-10-27",7.7,6.5,10.8
"1489","2018-10-28",5.2,3.8,8.4
"1490","2018-10-29",8.7,5.4,14.8
"1491","2018-10-30",14.9,14,17.1
"1492","2018-10-31",10.1,8.5,12.7
"1493","2018-11-01",13.5,12.1,15.3
"1494","2018-11-02",12.4,10.6,14.9
"1495","2018-11-03",9,7.2,11.8
"1496","2018-11-04",10.9,8.2,13.3
"1497","2018-11-05",10.6,9.2,12.3
"1498","2018-11-06",10.8,8.2,13.7
"1499","2018-11-07",8.9,7,12.1
"1500","2018-11-08",7.3,3.1,9.4
"1501","2018-11-09",7.3,6.2,8.8
"1502","2018-11-10",7,5.1,8.6
"1503","2018-11-11",6.6,4.4,8.6
"1504","2018-11-12",8.6,5.2,11.6
"1505","2018-11-13",9.2,7.6,10.7
"1506","2018-11-14",7.6,7,8.9
"1507","2018-11-15",5.9,4.2,7.4
"1508","2018-11-16",2.3,-0.4,4.5
"1509","2018-11-17",-1,-2.2,1.2
"1510","2018-11-18",0.7,-1.8,6.8
"1511","2018-11-19",1.8,-0.2,4.6
"1512","2018-11-20",0.4,-0.4,2.5
"1513","2018-11-21",-0.2,-0.6,0.9
"1514","2018-11-22",-0.8,-3,1.3
"1515","2018-11-23",0,-4.4,4.6
"1516","2018-11-24",2.6,-0.8,5.5
"1517","2018-11-25",3.4,0.8,6
"1518","2018-11-26",-0.1,-2.1,1.8
"1519","2018-11-27",-1.1,-2.8,2.8
"1520","2018-11-28",-2.6,-3.8,-0.4
"1521","2018-11-29",-4.1,-6,-1
"1522","2018-11-30",-4.7,-9.2,0.2
"1523","2018-12-01",-3.5,-9.4,1.7
"1524","2018-12-02",1.7,-2.4,5.9
"1525","2018-12-03",6.1,2.6,9.7
"1526","2018-12-04",4.2,3.5,5
"1527","2018-12-05",0.1,-1.2,2.3
"1528","2018-12-06",1,-2.2,5.2
"1529","2018-12-07",6.5,1.1,9.9
"1530","2018-12-08",5.3,2.8,7
"1531","2018-12-09",5.2,3.2,7.4
"1532","2018-12-10",2.7,2,4.1
"1533","2018-12-11",1.5,0.6,3.1
"1534","2018-12-12",0.5,0.2,2
"1535","2018-12-13",-0.4,-0.8,1
"1536","2018-12-14",-0.7,-1.4,0.3
"1537","2018-12-15",-0.8,-1.5,0.4
"1538","2018-12-16",-2.2,-4.8,-0.8
"1539","2018-12-17",-1.9,-3.5,0.7
"1540","2018-12-18",-0.5,-3.5,1.5
"1541","2018-12-19",-2.2,-4.6,1.4
"1542","2018-12-20",-1.1,-6.1,3.1
"1543","2018-12-21",3.1,-0.2,6.3
"1544","2018-12-22",4.4,1.8,6.7
"1545","2018-12-23",3,-0.1,5.5
"1546","2018-12-24",-0.2,-1.8,1.1
"1547","2018-12-25",2.2,-0.4,5.8
"1548","2018-12-26",3.8,2.8,7
"1549","2018-12-27",5.2,3.9,6.9
"1550","2018-12-28",4.6,3.4,6.3
"1551","2018-12-29",4.2,2.4,6.3
"1552","2018-12-30",3.6,2.8,4.9
"1553","2018-12-31",2,0.4,4.7
"1554","2019-01-01",3.7,1.4,5.7
"1555","2019-01-02",-0.2,-0.8,1.6
"1556","2019-01-03",-2.4,-3.8,1
"1557","2019-01-04",-1,-3.8,3.2
"1558","2019-01-05",1,-2.2,4
"1559","2019-01-06",-3.2,-6.6,1.2
"1560","2019-01-07",-3,-8.8,3.2
"1561","2019-01-08",0.2,-5.2,3.9
"1562","2019-01-09",-1,-7.8,3.1
"1563","2019-01-10",-3.7,-11.8,0.1
"1564","2019-01-11",-2.4,-8.3,2.7
"1565","2019-01-12",1.7,-0.5,4.6
"1566","2019-01-13",3.2,0.2,5.5
"1567","2019-01-14",-0.1,-1,1.7
"1568","2019-01-15",1.3,-1.8,4.3
"1569","2019-01-16",3.4,0.6,5.8
"1570","2019-01-17",3.6,2.4,5.2
"1571","2019-01-18",-1,-1.8,-0.1
"1572","2019-01-19",-3.3,-5,-0.1
"1573","2019-01-20",-4.1,-5.6,-1.2
"1574","2019-01-21",-5.1,-7.3,-2.2
"1575","2019-01-22",-6.2,-7.5,-3.1
"1576","2019-01-23",-5.8,-7.6,-4.5
"1577","2019-01-24",-6.3,-7.8,-4.4
"1578","2019-01-25",-5.7,-7.2,-4.2
"1579","2019-01-26",-3.2,-8.8,-0.2
"1580","2019-01-27",0.3,-5.5,3.5
"1581","2019-01-28",0.5,-3.6,2.2
"1582","2019-01-29",-0.2,-1.2,1.3
"1583","2019-01-30",-1,-1.8,0.3
"1584","2019-01-31",-1.1,-2.1,0.3
"1585","2019-02-01",0.6,-1.4,2.8
"1586","2019-02-02",5,1.8,8.7
"1587","2019-02-03",1.4,-0.2,3.4
"1588","2019-02-04",-0.5,-1.5,0.9
"1589","2019-02-05",-0.3,-2,2.2
"1590","2019-02-06",0.1,-2,3.2
"1591","2019-02-07",1,-0.2,3.2
"1592","2019-02-08",2.2,0.2,6
"1593","2019-02-09",3.9,1.1,6.8
"1594","2019-02-10",5.3,4,6.4
"1595","2019-02-11",3,2.8,3.9
"1596","2019-02-12",0.9,0.2,2.2
"1597","2019-02-13",3.9,1.8,7
"1598","2019-02-14",5.2,4,6.4
"1599","2019-02-15",3.4,0.4,6.7
"1600","2019-02-16",4.7,1.5,9.1
"1601","2019-02-17",4.8,2.8,8.4
"1602","2019-02-18",4.2,2.2,8.7
"1603","2019-02-19",6.2,5.8,7.6
"1604","2019-02-20",5.4,2.9,7.1
"1605","2019-02-21",4.5,-0.2,7.1
"1606","2019-02-22",-3,-4,-0.3
"1607","2019-02-23",-2.2,-3.2,0.1
"1608","2019-02-24",2.4,-0.2,5.5
"1609","2019-02-25",5,2.9,7.8
"1610","2019-02-26",4.9,3.8,6.3
"1611","2019-02-27",6,4.2,9.5
"1612","2019-02-28",6.3,4.2,9.3
"1613","2019-03-01",1.1,-1.4,2.7
"1614","2019-03-02",0.5,-3.2,3
"1615","2019-03-03",7,4.4,10
"1616","2019-03-04",9.8,8.7,11.9
"1617","2019-03-05",5.1,4.2,6.2
"1618","2019-03-06",5.4,2.4,7.7
"1619","2019-03-07",9.7,7.8,11.3
"1620","2019-03-08",7.6,6.2,9.9
"1621","2019-03-09",6,4.4,7.8
"1622","2019-03-10",4.8,2.9,7.2
"1623","2019-03-11",1.9,0.4,3.5
"1624","2019-03-12",2.2,-0.6,5.1
"1625","2019-03-13",5.2,2,7.6
"1626","2019-03-14",5.1,2.6,6.8
"1627","2019-03-15",6,3.8,8.2
"1628","2019-03-16",5.9,2.9,7.9
"1629","2019-03-17",9.4,5.8,12.2
"1630","2019-03-18",4.9,4.5,6.1
"1631","2019-03-19",2.9,2,4
"1632","2019-03-20",5.6,2.6,8.4
"1633","2019-03-21",8.5,6.1,11
"1634","2019-03-22",7.2,4.7,8.7
"1635","2019-03-23",9.1,6,12.7
"1636","2019-03-24",6.3,4.2,8.8
"1637","2019-03-25",3.7,2.5,5.2
"1638","2019-03-26",2.6,1.1,4.9
"1639","2019-03-27",5.3,3.4,7.1
"1640","2019-03-28",6.1,2.4,9.1
"1641","2019-03-29",7.8,5.4,9.8
"1642","2019-03-30",9.5,6.7,12
"1643","2019-03-31",7.6,5,11.3
"1644","2019-04-01",4.5,2.4,6.1
"1645","2019-04-02",7.8,5.7,9.6
"1646","2019-04-03",10.8,7.1,13.6
"1647","2019-04-04",12.5,9.2,15.3
"1648","2019-04-05",13.2,9.8,15.9
"1649","2019-04-06",10.8,8.7,13.7
"1650","2019-04-07",9.5,6.4,13.6
"1651","2019-04-08",10.2,4.9,13.1
"1652","2019-04-09",6,2.8,11.8
"1653","2019-04-10",4.1,1.6,7.2
"1654","2019-04-11",3.2,2.4,4.5
"1655","2019-04-12",3,2.5,4.5
"1656","2019-04-13",4.2,3.4,7.6
"1657","2019-04-14",6.9,4.9,8.5
"1658","2019-04-15",5.8,4.6,7.1
"1659","2019-04-16",7.5,5.2,9.1
"1660","2019-04-17",10.1,8.2,12.5
"1661","2019-04-18",11.8,8.3,14.6
"1662","2019-04-19",12,8.1,15.4
"1663","2019-04-20",11.7,8.7,14.4
"1664","2019-04-21",11,8.2,13.6
"1665","2019-04-22",11.2,9.8,13.3
"1666","2019-04-23",13.8,12.2,15.4
"1667","2019-04-24",15.2,13.8,16.4
"1668","2019-04-25",17.9,16.8,19.5
"1669","2019-04-26",19.3,17.5,20.6
"1670","2019-04-27",12.3,11.1,17.2
"1671","2019-04-28",10.6,9.3,13.6
"1672","2019-04-29",11.6,9.6,14.8
"1673","2019-04-30",11.6,9.1,13.9
"1674","2019-05-01",12.1,10.6,13.7
"1675","2019-05-02",11,9.6,14.2
"1676","2019-05-03",7.8,6.7,9.5
"1677","2019-05-04",7.2,3.5,11.1
"1678","2019-05-05",6.2,5.8,7.1
"1679","2019-05-06",7.8,6.4,9.5
"1680","2019-05-07",7.4,6.2,8.7
"1681","2019-05-08",10.7,6.9,12.9
"1682","2019-05-09",10.2,8.5,12.6
"1683","2019-05-10",11.4,10.5,12.6
"1684","2019-05-11",12.4,9.8,14.9
"1685","2019-05-12",10.3,7.2,15.7
"1686","2019-05-13",8,7.2,9.2
"1687","2019-05-14",7.6,6.4,9.2
"1688","2019-05-15",9.2,6.7,12.3
"1689","2019-05-16",12.2,9.2,15.4
"1690","2019-05-17",14.2,13.5,16.5
"1691","2019-05-18",16.5,12.5,18.3
"1692","2019-05-19",17.6,16.1,18.9
"1693","2019-05-20",17.7,15.7,20.2
"1694","2019-05-21",16.6,13.7,18.8
"1695","2019-05-22",14.3,12.1,17.8
"1696","2019-05-23",13.2,11.1,17.7
"1697","2019-05-24",14.5,11.8,16.6
"1698","2019-05-25",14.7,12.6,16.7
"1699","2019-05-26",16.1,14.2,17.7
"1700","2019-05-27",18.6,15.8,20.4
"1701","2019-05-28",14.9,11.7,19
"1702","2019-05-29",11.3,10.1,13.7
"1703","2019-05-30",12.9,10.7,16.6
"1704","2019-05-31",16.8,15.2,18.5
"1705","2019-06-01",18.5,16.2,21.8
"1706","2019-06-02",20.1,15.3,23
"1707","2019-06-03",21.7,17.8,25.2
"1708","2019-06-04",22.5,20.8,24.8
"1709","2019-06-05",22.9,19.5,25.1
"1710","2019-06-06",21.5,18,23.5
"1711","2019-06-07",19.8,18,22.6
"1712","2019-06-08",19.1,17.3,22.8
"1713","2019-06-09",20,17.6,21.1
"1714","2019-06-10",23.4,20,25.8
"1715","2019-06-11",25.6,23.5,28.8
"1716","2019-06-12",25.7,23.6,28.8
"1717","2019-06-13",22.4,19,26.1
"1718","2019-06-14",23,18.9,24.8
"1719","2019-06-15",25,22,26.8
"1720","2019-06-16",20.2,17.5,23.2
"1721","2019-06-17",19.3,17.6,21.4
"1722","2019-06-18",21.1,19.4,23
"1723","2019-06-19",23.3,21.9,25.8
"1724","2019-06-20",22.6,21.4,24.7
"1725","2019-06-21",20.2,18.6,22.1
"1726","2019-06-22",19.8,16.1,21.6
"1727","2019-06-23",19.8,16.8,21.5
"1728","2019-06-24",21.5,18.8,23.5
"1729","2019-06-25",24.9,21.8,27
"1730","2019-06-26",28.1,26.1,30
"1731","2019-06-27",20,17.2,23.3
"1732","2019-06-28",18,16.3,19.9
"1733","2019-06-29",20.9,17.2,24.3
"1734","2019-06-30",26.9,23.1,29.2
"1735","2019-07-01",23.2,19.9,27.5
"1736","2019-07-02",18.3,15.6,21.3
"1737","2019-07-03",15.4,13.8,17.1
"1738","2019-07-04",16.6,14.6,18
"1739","2019-07-05",16.5,12.8,19.5
"1740","2019-07-06",18.4,15.1,22.5
"1741","2019-07-07",15.6,13.8,18.7
"1742","2019-07-08",14.3,13.5,15.6
"1743","2019-07-09",15,13.5,16.4
"1744","2019-07-10",15,14,17.5
"1745","2019-07-11",16.2,14.1,19.3
"1746","2019-07-12",17.7,15.5,20.1
"1747","2019-07-13",16.5,15.5,19.1
"1748","2019-07-14",16.2,14.2,18.6
"1749","2019-07-15",16.9,15.8,18.4
"1750","2019-07-16",15.7,15.5,16.5
"1751","2019-07-17",16,14.5,17.8
"1752","2019-07-18",17.9,16.1,20.4
"1753","2019-07-19",20.4,17.8,22.5
"1754","2019-07-20",21.9,18.8,24
"1755","2019-07-21",20.6,20,21.8
"1756","2019-07-22",20.5,18.2,22.7
"1757","2019-07-23",19.3,18.1,22.5
"1758","2019-07-24",21.1,18.1,24.8
"1759","2019-07-25",22.9,19.6,26.2
"1760","2019-07-26",21.6,18.6,24.1
"1761","2019-07-27",20.9,19.6,23.2
"1762","2019-07-28",24.3,23.8,26.1
"1763","2019-07-29",24.3,22.2,27.2
"1764","2019-07-30",22.3,19.9,24
"1765","2019-07-31",19.4,15.5,21.8
"1766","2019-08-01",18.4,16.2,20.7
"1767","2019-08-02",17.8,14.2,19.8
"1768","2019-08-03",17.7,16.5,19.1
"1769","2019-08-04",18,16.1,20.1
"1770","2019-08-05",19.2,15.5,21.5
"1771","2019-08-06",21.3,19.6,22.8
"1772","2019-08-07",21.1,18.9,22.6
"1773","2019-08-08",19.6,17.8,21.4
"1774","2019-08-09",20.3,16.5,23.6
"1775","2019-08-10",21.6,18.3,23.3
"1776","2019-08-11",21.7,20,23.1
"1777","2019-08-12",21.2,18,24.7
"1778","2019-08-13",18.6,16.8,20.1
"1779","2019-08-14",15,13.3,17
"1780","2019-08-15",17.5,14.1,20.5
"1781","2019-08-16",17.2,15.6,19.5
"1782","2019-08-17",19.4,17.6,21.3
"1783","2019-08-18",21.9,19.8,24.3
"1784","2019-08-19",20.6,17.4,24.4
"1785","2019-08-20",20.4,19,23.3
"1786","2019-08-21",16.1,14.2,18.1
"1787","2019-08-22",17.3,14.8,19.6
"1788","2019-08-23",19.1,15.7,21.5
"1789","2019-08-24",20.4,17.1,23
"1790","2019-08-25",21.7,18.2,23.5
"1791","2019-08-26",23.1,19.2,25.5
"1792","2019-08-27",23.9,20,25.8
"1793","2019-08-28",23.9,22.1,26
"1794","2019-08-29",23.8,22.1,26.1
"1795","2019-08-30",22.3,20.2,24.3
"1796","2019-08-31",23.2,17.4,26.1
"1797","2019-09-01",23.4,19.8,24.9
"1798","2019-09-02",NA,NA,NA
"1799","2019-09-03",15.3,12.8,17.2
"1800","2019-09-04",17,14.6,19.4
"1801","2019-09-05",17.3,16.1,19.4
"1802","2019-09-06",14.6,12.8,16.4
"1803","2019-09-07",14.9,12.2,18.3
"1804","2019-09-08",14.9,13.2,18.6
"1805","2019-09-09",16,13.5,20.8
"1806","2019-09-10",14,13.7,15.1
"1807","2019-09-11",15.5,14.5,16.7
"1808","2019-09-12",16.4,15.6,17.6
"1809","2019-09-13",16.2,15,17.7
"1810","2019-09-14",12.1,11.1,13.5
"1811","2019-09-15",15.8,14.2,17.7
"1812","2019-09-16",13.3,12.5,14.8
"1813","2019-09-17",10.6,9.2,12.6
"1814","2019-09-18",9.8,8.7,11.2
"1815","2019-09-19",8.7,6.8,10.6
"1816","2019-09-20",10.1,7.4,12.3
"1817","2019-09-21",11.8,10.3,14
"1818","2019-09-22",13.2,12,15.7
"1819","2019-09-23",12.3,6.2,15.6
"1820","2019-09-24",10.7,6.8,14.1
"1821","2019-09-25",13,11.1,14.9
"1822","2019-09-26",13.1,9.8,14.5
"1823","2019-09-27",14.5,12,16.6
"1824","2019-09-28",14.2,12.2,15.1
"1825","2019-09-29",15.1,13.2,17.8
"1826","2019-09-30",13.6,12.7,15.3
"1827","2019-10-01",14.1,12,16.5
"1828","2019-10-02",11.3,8.8,16.9
"1829","2019-10-03",8.1,7.4,9.4
"1830","2019-10-04",8.5,7.1,9.6
"1831","2019-10-05",7.1,5.9,8.2
"1832","2019-10-06",3.8,2.5,5.5
"1833","2019-10-07",4.3,2.5,6.3
"1834","2019-10-08",8,6.2,10
"1835","2019-10-09",11.5,10.5,13.1
"1836","2019-10-10",10.1,9.3,11.1
"1837","2019-10-11",12.1,11.1,13.4
"1838","2019-10-12",14.8,13,16.9
"1839","2019-10-13",16.1,13.6,18.5
"1840","2019-10-14",15.6,14,18.4
"1841","2019-10-15",NA,NA,NA
"1842","2019-10-16",13,11.2,17
"1843","2019-10-17",12.3,11.3,14.3
"1844","2019-10-18",13,11.8,14.4
"1845","2019-10-19",12,11.2,14.2
"1846","2019-10-20",13.4,11.2,15.1
"1847","2019-10-21",13.7,12.1,16.1
"1848","2019-10-22",12.7,11,14.2
"1849","2019-10-23",11.4,9.6,13
"1850","2019-10-24",12.3,11.2,15.4
"1851","2019-10-25",12.1,9.8,13.9
"1852","2019-10-26",13,10.7,14.8
"1853","2019-10-27",11.5,9.6,14.2
"1854","2019-10-28",6.1,4.7,7.7
"1855","2019-10-29",3.9,2.4,5.8
"1856","2019-10-30",1.4,-0.4,3.5
"1857","2019-10-31",NA,NA,NA
"1858","2019-11-01",NA,NA,NA
"1859","2019-11-02",NA,NA,NA
"1860","2019-11-03",NA,NA,NA
"1861","2019-11-04",NA,NA,NA
"1862","2019-11-05",NA,NA,NA
"1863","2019-11-06",NA,NA,NA
"1864","2019-11-07",NA,NA,NA
"1865","2019-11-08",NA,NA,NA
"1866","2019-11-09",NA,NA,NA
"1867","2019-11-10",NA,NA,NA
"1868","2019-11-11",NA,NA,NA
"1869","2019-11-12",NA,NA,NA
"1870","2019-11-13",NA,NA,NA
"1871","2019-12-23",NA,NA,NA
"1872","2019-12-11",NA,NA,NA
"1873","2014-04-13",NA,NA,NA
"1874","2014-04-29",NA,NA,NA
"1875","2014-03-23",NA,NA,NA
"1876","2014-09-16",NA,NA,NA
"1877","2014-01-21",NA,NA,NA
"1878","2014-07-28",NA,NA,NA
"1879","2019-12-09",NA,NA,NA
"1880","2019-11-16",NA,NA,NA
"1881","2014-06-14",NA,NA,NA
"1882","2014-09-15",NA,NA,NA
"1883","2014-07-07",NA,NA,NA
"1884","2014-07-10",NA,NA,NA
"1885","2014-04-24",NA,NA,NA
"1886","2014-02-28",NA,NA,NA
"1887","2014-01-09",NA,NA,NA
"1888","2019-12-30",NA,NA,NA
"1889","2014-04-26",NA,NA,NA
"1890","2014-06-19",NA,NA,NA
"1891","2014-05-04",NA,NA,NA
"1892","2014-07-01",NA,NA,NA
"1893","2014-01-13",NA,NA,NA
"1894","2019-12-18",NA,NA,NA
"1895","2014-07-15",NA,NA,NA
"1896","2014-07-29",NA,NA,NA
"1897","2019-12-14",NA,NA,NA
"1898","2019-11-23",NA,NA,NA
"1899","2014-01-27",NA,NA,NA
"1900","2014-01-20",NA,NA,NA
"1901","2019-12-17",NA,NA,NA
"1902","2014-07-13",NA,NA,NA
"1903","2014-05-11",NA,NA,NA
"1904","2019-12-13",NA,NA,NA
"1905","2014-02-18",NA,NA,NA
"1906","2019-11-15",NA,NA,NA
"1907","2014-02-17",NA,NA,NA
"1908","2019-12-08",NA,NA,NA
"1909","2014-06-26",NA,NA,NA
"1910","2014-05-13",NA,NA,NA
"1911","2014-09-03",NA,NA,NA
"1912","2014-05-24",NA,NA,NA
"1913","2014-06-20",NA,NA,NA
"1914","2014-06-15",NA,NA,NA
"1915","2019-12-04",NA,NA,NA
"1916","2014-08-15",NA,NA,NA
"1917","2019-11-29",NA,NA,NA
"1918","2014-07-16",NA,NA,NA
"1919","2014-02-24",NA,NA,NA
"1920","2014-06-17",NA,NA,NA
"1921","2014-07-25",NA,NA,NA
"1922","2014-08-26",NA,NA,NA
"1923","2019-12-15",NA,NA,NA
"1924","2014-05-10",NA,NA,NA
"1925","2014-04-12",NA,NA,NA
"1926","2014-04-09",NA,NA,NA
"1927","2019-12-07",NA,NA,NA
"1928","2014-06-21",NA,NA,NA
"1929","2014-03-22",NA,NA,NA
"1930","2014-07-17",NA,NA,NA
"1931","2014-03-24",NA,NA,NA
"1932","2014-04-22",NA,NA,NA
"1933","2014-01-01",NA,NA,NA
"1934","2014-08-18",NA,NA,NA
"1935","2014-03-07",NA,NA,NA
"1936","2014-05-01",NA,NA,NA
"1937","2014-08-13",NA,NA,NA
"1938","2014-04-20",NA,NA,NA
"1939","2019-11-25",NA,NA,NA
"1940","2014-07-11",NA,NA,NA
"1941","2014-07-03",NA,NA,NA
"1942","2014-07-22",NA,NA,NA
"1943","2019-11-24",NA,NA,NA
"1944","2014-08-03",NA,NA,NA
"1945","2014-05-26",NA,NA,NA
"1946","2014-01-04",NA,NA,NA
"1947","2014-05-05",NA,NA,NA
"1948","2014-06-13",NA,NA,NA
"1949","2014-03-29",NA,NA,NA
"1950","2019-11-22",NA,NA,NA
"1951","2014-08-27",NA,NA,NA
"1952","2014-08-20",NA,NA,NA
"1953","2014-07-24",NA,NA,NA
"1954","2019-12-03",NA,NA,NA
"1955","2014-07-14",NA,NA,NA
"1956","2014-07-04",NA,NA,NA
"1957","2014-01-11",NA,NA,NA
"1958","2014-01-12",NA,NA,NA
"1959","2014-06-12",NA,NA,NA
"1960","2014-09-26",NA,NA,NA
"1961","2014-03-17",NA,NA,NA
"1962","2014-06-08",NA,NA,NA
"1963","2014-02-07",NA,NA,NA
"1964","2014-04-30",NA,NA,NA
"1965","2014-03-09",NA,NA,NA
"1966","2014-09-18",NA,NA,NA
"1967","2014-09-20",NA,NA,NA
"1968","2014-06-10",NA,NA,NA
"1969","2014-01-29",NA,NA,NA
"1970","2014-02-08",NA,NA,NA
"1971","2014-06-07",NA,NA,NA
"1972","2014-08-23",NA,NA,NA
"1973","2014-09-22",NA,NA,NA
"1974","2019-12-01",NA,NA,NA
"1975","2014-06-06",NA,NA,NA
"1976","2019-11-21",NA,NA,NA
"1977","2019-12-22",NA,NA,NA
"1978","2014-08-29",NA,NA,NA
"1979","2014-02-10",NA,NA,NA
"1980","2014-04-18",NA,NA,NA
"1981","2014-08-08",NA,NA,NA
"1982","2014-09-21",NA,NA,NA
"1983","2014-01-31",NA,NA,NA
"1984","2014-02-09",NA,NA,NA
"1985","2019-11-26",NA,NA,NA
"1986","2019-12-20",NA,NA,NA
"1987","2014-07-06",NA,NA,NA
"1988","2014-06-02",NA,NA,NA
"1989","2014-05-23",NA,NA,NA
"1990","2014-09-30",NA,NA,NA
"1991","2014-05-15",NA,NA,NA
"1992","2019-11-19",NA,NA,NA
"1993","2014-09-11",NA,NA,NA
"1994","2014-09-07",NA,NA,NA
"1995","2014-07-19",NA,NA,NA
"1996","2014-04-11",NA,NA,NA
"1997","2014-05-28",NA,NA,NA
"1998","2014-04-06",NA,NA,NA
"1999","2014-03-31",NA,NA,NA
"2000","2014-02-15",NA,NA,NA
"2001","2014-02-27",NA,NA,NA
"2002","2014-03-26",NA,NA,NA
"2003","2014-09-19",NA,NA,NA
"2004","2019-11-30",NA,NA,NA
"2005","2014-08-30",NA,NA,NA
"2006","2019-12-21",NA,NA,NA
"2007","2014-05-19",NA,NA,NA
"2008","2014-05-02",NA,NA,NA
"2009","2014-01-10",NA,NA,NA
"2010","2014-01-05",NA,NA,NA
"2011","2019-12-25",NA,NA,NA
"2012","2014-01-18",NA,NA,NA
"2013","2019-12-28",NA,NA,NA
"2014","2019-12-24",NA,NA,NA
"2015","2014-08-25",NA,NA,NA
"2016","2014-09-02",NA,NA,NA
"2017","2014-08-07",NA,NA,NA
"2018","2014-01-06",NA,NA,NA
"2019","2014-07-02",NA,NA,NA
"2020","2014-09-01",NA,NA,NA
"2021","2014-09-08",NA,NA,NA
"2022","2014-02-21",NA,NA,NA
"2023","2014-01-17",NA,NA,NA
"2024","2014-02-16",NA,NA,NA
"2025","2014-01-22",NA,NA,NA
"2026","2014-02-04",NA,NA,NA
"2027","2014-05-29",NA,NA,NA
"2028","2014-01-28",NA,NA,NA
"2029","2014-07-08",NA,NA,NA
"2030","2014-08-19",NA,NA,NA
"2031","2014-03-04",NA,NA,NA
"2032","2014-02-23",NA,NA,NA
"2033","2014-08-17",NA,NA,NA
"2034","2014-06-27",NA,NA,NA
"2035","2014-08-22",NA,NA,NA
"2036","2014-08-09",NA,NA,NA
"2037","2014-08-24",NA,NA,NA
"2038","2014-01-07",NA,NA,NA
"2039","2014-03-08",NA,NA,NA
"2040","2014-08-06",NA,NA,NA
"2041","2014-05-25",NA,NA,NA
"2042","2014-03-06",NA,NA,NA
"2043","2014-02-05",NA,NA,NA
"2044","2014-04-14",NA,NA,NA
"2045","2014-03-25",NA,NA,NA
"2046","2014-03-11",NA,NA,NA
"2047","2014-01-15",NA,NA,NA
"2048","2014-05-20",NA,NA,NA
"2049","2014-02-19",NA,NA,NA
"2050","2014-03-05",NA,NA,NA
"2051","2014-01-30",NA,NA,NA
"2052","2014-06-29",NA,NA,NA
"2053","2014-06-23",NA,NA,NA
"2054","2014-09-27",NA,NA,NA
"2055","2014-07-09",NA,NA,NA
"2056","2014-09-25",NA,NA,NA
"2057","2014-06-30",NA,NA,NA
"2058","2014-08-21",NA,NA,NA
"2059","2014-01-23",NA,NA,NA
"2060","2014-03-18",NA,NA,NA
"2061","2014-06-03",NA,NA,NA
"2062","2014-06-16",NA,NA,NA
"2063","2014-04-19",NA,NA,NA
"2064","2014-06-05",NA,NA,NA
"2065","2014-04-10",NA,NA,NA
"2066","2014-03-30",NA,NA,NA
"2067","2014-01-02",NA,NA,NA
"2068","2019-12-26",NA,NA,NA
"2069","2014-01-25",NA,NA,NA
"2070","2014-02-22",NA,NA,NA
"2071","2014-09-10",NA,NA,NA
"2072","2014-02-13",NA,NA,NA
"2073","2014-02-11",NA,NA,NA
"2074","2014-04-01",NA,NA,NA
"2075","2014-05-30",NA,NA,NA
"2076","2014-05-07",NA,NA,NA
"2077","2019-12-02",NA,NA,NA
"2078","2014-03-02",NA,NA,NA
"2079","2014-07-05",NA,NA,NA
"2080","2014-04-25",NA,NA,NA
"2081","2014-06-22",NA,NA,NA
"2082","2014-06-11",NA,NA,NA
"2083","2014-07-30",NA,NA,NA
"2084","2014-08-11",NA,NA,NA
"2085","2014-03-14",NA,NA,NA
"2086","2019-11-14",NA,NA,NA
"2087","2014-05-27",NA,NA,NA
"2088","2014-02-06",NA,NA,NA
"2089","2014-08-01",NA,NA,NA
"2090","2019-11-27",NA,NA,NA
"2091","2014-09-06",NA,NA,NA
"2092","2014-09-29",NA,NA,NA
"2093","2019-12-06",NA,NA,NA
"2094","2019-11-28",NA,NA,NA
"2095","2014-03-20",NA,NA,NA
"2096","2019-11-18",NA,NA,NA
"2097","2014-05-18",NA,NA,NA
"2098","2014-06-09",NA,NA,NA
"2099","2014-04-16",NA,NA,NA
"2100","2019-12-31",NA,NA,NA
"2101","2014-07-21",NA,NA,NA
"2102","2014-01-14",NA,NA,NA
"2103","2014-05-31",NA,NA,NA
"2104","2014-01-19",NA,NA,NA
"2105","2014-05-06",NA,NA,NA
"2106","2014-08-02",NA,NA,NA
"2107","2014-03-10",NA,NA,NA
"2108","2014-09-04",NA,NA,NA
"2109","2014-04-04",NA,NA,NA
"2110","2014-03-27",NA,NA,NA
"2111","2014-02-03",NA,NA,NA
"2112","2014-08-31",NA,NA,NA
"2113","2014-07-23",NA,NA,NA
"2114","2014-09-23",NA,NA,NA
"2115","2014-02-01",NA,NA,NA
"2116","2014-03-15",NA,NA,NA
"2117","2014-02-14",NA,NA,NA
"2118","2014-08-16",NA,NA,NA
"2119","2014-04-21",NA,NA,NA
"2120","2014-08-14",NA,NA,NA
"2121","2014-03-01",NA,NA,NA
"2122","2014-06-04",NA,NA,NA
"2123","2014-01-24",NA,NA,NA
"2124","2014-07-27",NA,NA,NA
"2125","2014-01-08",NA,NA,NA
"2126","2014-09-14",NA,NA,NA
"2127","2019-11-17",NA,NA,NA
"2128","2014-05-16",NA,NA,NA
"2129","2014-09-17",NA,NA,NA
"2130","2019-12-27",NA,NA,NA
"2131","2014-01-16",NA,NA,NA
"2132","2014-09-24",NA,NA,NA
"2133","2014-07-18",NA,NA,NA
"2134","2014-02-26",NA,NA,NA
"2135","2014-09-05",NA,NA,NA
"2136","2014-01-03",NA,NA,NA
"2137","2014-07-26",NA,NA,NA
"2138","2014-04-23",NA,NA,NA
"2139","2014-09-28",NA,NA,NA
"2140","2019-12-05",NA,NA,NA
"2141","2014-08-05",NA,NA,NA
"2142","2014-08-12",NA,NA,NA
"2143","2014-04-15",NA,NA,NA
"2144","2014-09-09",NA,NA,NA
"2145","2014-08-28",NA,NA,NA
"2146","2014-09-12",NA,NA,NA
"2147","2014-03-19",NA,NA,NA
"2148","2014-04-05",NA,NA,NA
"2149","2014-06-25",NA,NA,NA
"2150","2014-03-28",NA,NA,NA
"2151","2014-02-25",NA,NA,NA
"2152","2014-04-03",NA,NA,NA
"2153","2014-09-13",NA,NA,NA
"2154","2014-02-02",NA,NA,NA
"2155","2014-05-03",NA,NA,NA
"2156","2019-12-29",NA,NA,NA
"2157","2014-06-01",NA,NA,NA
"2158","2014-02-20",NA,NA,NA
"2159","2014-08-10",NA,NA,NA
"2160","2014-07-12",NA,NA,NA
"2161","2014-04-02",NA,NA,NA
"2162","2014-01-26",NA,NA,NA
"2163","2019-12-19",NA,NA,NA
"2164","2014-04-28",NA,NA,NA
"2165","2014-06-18",NA,NA,NA
"2166","2014-05-12",NA,NA,NA
"2167","2014-04-08",NA,NA,NA
"2168","2014-05-22",NA,NA,NA
"2169","2014-05-09",NA,NA,NA
"2170","2014-08-04",NA,NA,NA
"2171","2014-03-03",NA,NA,NA
"2172","2014-03-12",NA,NA,NA
"2173","2014-03-13",NA,NA,NA
"2174","2014-05-21",NA,NA,NA
"2175","2014-02-12",NA,NA,NA
"2176","2014-06-24",NA,NA,NA
"2177","2014-03-16",NA,NA,NA
"2178","2014-03-21",NA,NA,NA
"2179","2014-05-08",NA,NA,NA
"2180","2014-06-28",NA,NA,NA
"2181","2019-11-20",NA,NA,NA
"2182","2019-12-16",NA,NA,NA
"2183","2014-04-17",NA,NA,NA
"2184","2014-05-17",NA,NA,NA
"2185","2014-04-07",NA,NA,NA
"2186","2019-12-12",NA,NA,NA
"2187","2014-04-27",NA,NA,NA
"2188","2014-07-31",NA,NA,NA
"2189","2014-05-14",NA,NA,NA
"2190","2019-12-10",NA,NA,NA
"2191","2014-07-20",NA,NA,NA
